l_r_i,l_r_e,apert_pad_i,c_pad_i,apert_pad_e,c_pad_e,p_pieza
1.4688167289045972,0.2865609395214217,39.416713460813945,0.0335609380480727,13.9963376260167,0.0377572932663347,89.5013609104517
0.8754055811163557,1.4192911851761298,39.83768557759096,0.0328052241471509,17.993481699453465,0.0316059809569816,25.47084182371769
1.4587570296618024,1.451979887509211,39.34033361016679,0.0324727975097138,17.928235787047214,0.0277973108763168,80.78498493934048
1.4808516466078714,1.4876955461603956,31.70299164817028,0.0448652074431787,10.476734836534009,0.0300129250191647,39.874410564427805
0.6618099151739649,0.2516047237684469,39.64165501951895,0.0328712680474624,13.872995169088506,0.0430756643500571,25.72123764609108
0.7224111844338491,1.4696474974567053,38.32555060603372,0.015259577092442,14.861594336052988,0.044647439737548,121.43401275297498
1.3851103852922275,0.2811282099615124,25.44517498088849,0.0156614008123001,12.82442879290192,0.0384756537903372,30.933634897049025
0.8557953989589495,0.7922727993672443,25.36308244735911,0.0236243263128891,17.99475485880575,0.0448617127672999,89.7213261216242
1.4278020402343246,1.499476962046112,32.618145106619046,0.0335793466634474,14.394111561638434,0.0158467993192597,93.09057788355888
1.0111286666799222,1.0038837354421029,26.05921079693129,0.0436504203516092,17.682924160810053,0.0296143976819599,116.00864160353598
1.2269304004864463,0.4307138766434524,39.99933779494508,0.0437683124810685,17.997192593646826,0.0163222087058932,59.564659806379694
0.2854611170957053,1.4294469934003236,31.320644000469475,0.0445934593371771,12.95677060438318,0.0342895567143476,124.59293910440891
0.2630165667400952,0.7759968682503015,32.345574653267384,0.0414215549551293,17.8805726945526,0.031499259338205,122.06485262248428
0.7591586057266427,0.9172692907019236,25.22992139601547,0.0321089326321449,17.72838055255253,0.0154356172484347,41.81721601491832
0.4849727355015995,0.3467037393169137,31.581787587168723,0.0159522122992435,17.94116496536122,0.0273382078730044,61.62697058847088
0.93203602568416,1.4196611702874635,25.464146765913277,0.0443545772660032,14.297026669520378,0.0363361546117902,27.02861116202809
1.4445942116745898,1.496988368032734,25.259142116546855,0.0165411811393315,12.746229364323083,0.0310005282939232,26.667975705815127
0.5252897107597331,1.413533233271593,33.364238470871044,0.0151424913095447,10.100638207726172,0.0179115424921543,120.32174774397632
1.131138852653663,0.7220897952843423,26.35536293759923,0.0444112734122312,14.049230462377878,0.0162990976594476,120.02107680132347
1.4516503032208894,0.6798284540491182,34.92341806604471,0.0279027338656349,10.383682173454115,0.0166082596944871,99.50943485688737
0.5534770498938922,1.4286170012949944,37.44213025169771,0.0304873754044101,13.69535504943759,0.0156957691676256,90.73792867423246
0.9163025862455711,0.2683070188539881,36.4719524155272,0.0447270505865737,14.563113793052397,0.0374240559418653,80.87413074766914
0.8525361335114794,0.8527373074395457,39.44671622615839,0.0184642087326029,10.097290052392236,0.0230468559744034,71.08177764993648
1.410204867632899,1.460667772415318,36.63189729176895,0.0156217572589373,11.548132200477731,0.0423633119357716,122.9717180218436
1.4781928899725576,1.469995660557547,25.226377223223597,0.0288932764514277,16.58458695117779,0.0284466789787139,25.898829923264323
0.2555107519438018,0.8712172299165521,35.47639934977248,0.028043391763869,10.216586763794083,0.0346865710505513,35.95091972253465
1.4680489940601822,0.2500397833014387,31.50913543911632,0.0448086155476086,17.83492879398039,0.0423143857301634,111.97998654045055
0.3494945805215963,0.3265988742774562,26.11576764245719,0.0381022266845387,17.766896637663333,0.0156232138000376,27.46475337074625
1.3580676088410142,0.8100291160709894,25.49115737626394,0.0363232575685334,13.991285543385557,0.0303369748931516,71.84757289936557
0.907211771664495,1.4691122240157195,25.02639854400013,0.0176393659731202,10.000620357691988,0.0154232568224644,94.98241754469385
1.492685339742847,0.7365596390046436,39.9663023080126,0.0347541977765771,10.046768374059386,0.0346023304821866,96.26360739314998
0.6868503545362433,0.2569529559544463,39.85746328969033,0.0298287786787079,12.451415430101855,0.0261894550735286,78.92962985673995
0.7427116353946919,0.4651836920658484,32.47393170763498,0.0445771096714281,13.262327041758642,0.0340178572561563,29.185753335663577
0.8099571395649836,1.1783824780436634,35.43799306098517,0.0446826015001347,10.200517411282329,0.0379143770212458,119.66225751859383
0.9379675960836484,1.4098847697209544,39.84098836960082,0.0380859110228887,12.1493170131888,0.0355880800664195,27.01350181871911
0.3840969445965578,1.031288245935078,39.09757132142262,0.0428419781187303,10.006402160125656,0.0436498305292108,26.512097930931088
0.9818907950025362,1.0189974908120325,39.43403908959966,0.0319589179865291,17.917023016708864,0.0350315715133081,123.6105146383735
0.3206861214590001,1.488874352933034,34.78453606150682,0.0444152918450858,17.944006714410545,0.0415364034309749,124.99641063425126
1.3867796279923668,0.6658418510838368,25.28597174257707,0.0293871377912748,17.90895067180932,0.0171142229770465,105.4456281528597
0.2794576659014275,0.8055557815657451,39.85403068617716,0.0434534894756779,14.980987154163309,0.0160869199160249,63.79999456637978
1.3824209232259737,0.2560020091404216,25.203173181425143,0.0363146555773779,17.80193209753419,0.0269088057694061,84.08405065546617
1.4956142677162674,1.483518304136135,25.771504920974376,0.0343073831782373,12.0323270299047,0.0432737178270541,32.326695040592746
0.8710214392559056,1.39540062567673,31.121091509665884,0.0151604330808159,12.643767595815348,0.0322003346539447,32.64294203265183
0.4702564995686406,0.6593290074594795,31.605557035114188,0.0159844046413586,17.915127814655364,0.0445206386708028,123.998853376675
1.4228584079966262,0.3117735536160019,31.627089569518,0.0150262641420713,14.469408571036732,0.0157845841142827,27.04613757308968
1.4625615576143782,0.4304037298446578,30.72108792089632,0.0448009180401379,10.154404349549392,0.0310074824461978,27.894915443940217
0.325921705375409,0.7194070501496141,25.62940992083249,0.0441547911398411,11.129610762595629,0.0151334139067215,124.54506023256428
1.0715030864269068,0.2764967477615824,39.98210227317718,0.029032243010332,17.40248149173272,0.0153868784758619,96.73400068354432
1.4813405691527366,1.4028242954783638,25.148332551850345,0.0172840140108329,17.523948184185045,0.0153935998574596,60.74492582486697
1.395728344754155,1.4637008407675534,35.41038238624664,0.0380886209395615,10.764907806975769,0.015143941705377,67.00932948050072
1.410341457183095,1.009902916629716,25.218915701704343,0.0448193707282251,17.968131555674887,0.0440785935426187,73.43819150926926
1.4459241776236376,1.4779206737258457,39.83683093948929,0.0167833887860869,10.031751224174464,0.0282983444595232,31.39146614986975
0.3057228531197478,0.7547259853826603,36.76062148696384,0.0153848836457628,14.3884578853763,0.0279644442191946,64.10239150213536
1.4597350567545182,0.2748608635915787,25.135331021270133,0.0151521086907643,14.99547024425921,0.0153514267443257,73.93964539542674
0.2960743791392254,1.4122428905103563,30.309163433224523,0.0271976155179662,17.66411495155634,0.0447569153728699,25.29483929807281
1.1323343877599528,0.8974856776607336,35.79121588620955,0.0178791150092671,12.702942185882556,0.015908934172883,124.33553309719846
1.2776287948050462,0.7027659229243117,39.12616103860172,0.0447264797965659,14.734318792338833,0.0446947302175657,60.89481642474132
0.2626316980565777,1.0784358374516685,26.47957626756524,0.044870868575062,10.005494096853372,0.0295760875752862,31.50737472073959
1.483481314831931,1.447684526337083,39.790686978094186,0.0428749782180197,13.5033808705866,0.0179091428527836,124.76551392579312
0.8135933820878176,0.2990550153523454,39.87439275479217,0.0223941788584565,13.443529552828974,0.0411375512146737,123.57648335273882
0.754682053340882,1.4860271450250249,39.71129450765588,0.0162209452183192,13.248307830386665,0.0436228223222987,52.44836176670297
1.4973722711306494,1.4651993793290592,39.45275877130283,0.0269772341958646,11.774767264444185,0.0436677849993883,38.23015462570124
1.0252012377314443,0.8173650493447302,39.600138096265525,0.0152934073609832,14.211041833997657,0.0346981131540861,124.27828125822342
0.2733847633294333,1.4957287374925528,37.76401105983336,0.0259201653579966,17.8131243188729,0.0298734953132497,91.86062482313126
0.6688121862358741,1.4785285538338822,25.837261136003868,0.029029843123956,10.53522311925554,0.0362933209310841,103.78147704388635
0.2942687074178317,1.480445356090024,29.12264512034912,0.0163386614633575,17.971015224515067,0.0321596138325457,25.111597373428573
0.7170347234362905,0.6787138322998747,33.62580688544513,0.0327947739573808,10.126184783227494,0.0161238093373516,30.244326971138303
0.8216999090969828,0.6746811964033848,25.189024486229805,0.044265708221606,14.810505804002396,0.0438228398108204,71.62124147403168
0.2797849406333129,0.2801534350925541,25.69780150998132,0.0449168912555175,17.95605073185628,0.0441866754618915,36.30814901662255
1.3087815604529254,0.6255370114507741,39.90537088123295,0.0172931554074253,17.901057283813522,0.0298931101988304,120.00813482854616
0.2580079036052726,0.7631384415636241,25.377360861540403,0.0159611971512376,14.82727673974196,0.0188459567936054,40.80809850879452
0.2545887996451811,0.6137303690192819,39.64460905469286,0.0444296312300603,17.885797309854922,0.0284987296182681,100.49278344545225
0.8994702851170241,0.909712151275138,25.256253841919374,0.0372634243981038,17.9318629144299,0.0438304408673568,28.483722224806264
1.4893830695939805,0.8986604821487643,39.85358499534252,0.0208134827997503,17.877058061435367,0.0406436286999309,26.457500062504547
0.799753463045724,1.042599001879911,33.25338805416313,0.043380736716565,12.74074320359675,0.0165208733772889,55.58402274175869
0.273293848800906,0.8395332605025756,37.62069324801204,0.0163658882828959,17.91828611743083,0.0248049824804878,122.6410410791279
1.4557924852335222,1.4848686097016477,37.64976530846387,0.032519817216743,12.99782587483834,0.0265090894215085,25.45111679531494
1.4346026964712149,0.959378641768247,30.87533741354867,0.0446935032708455,12.050488502474192,0.0331536903265378,95.53776947983911
0.2942468078462324,1.4900267971561942,31.883692199044265,0.0390650515355388,10.13319405276687,0.0263213509662502,46.52241940013706
1.0413713655670798,1.2450350732869495,29.429330041467797,0.022431732753224,12.795983213648888,0.044998616188591,124.10890669354636
0.9487063202408028,0.303509354738521,31.1597193748942,0.0157915572505425,10.177687443064723,0.0287473361529072,106.9351688974724
0.2760426586155485,0.7082903711846392,25.294547110141195,0.0192832682831495,12.84147031202542,0.0281782572516324,123.8816419017782
1.4619680796762664,0.3298421439151038,25.23330677051124,0.029411890715022,15.00511190452264,0.0302734841795585,124.5661540589843
0.5089108986044824,0.6768273946979452,25.111107181972606,0.0150331030243413,10.09161002306611,0.0271727186568365,67.39892568066836
0.9345087576500324,1.2658037299651097,33.7358972124241,0.0418004014026234,17.92884538149771,0.0159035503325201,123.9455023560691
0.3432271844436605,0.667911397336495,25.913951796445595,0.0153940645151729,16.522721917824576,0.0324853678970329,71.98605332221305
1.2573305149949872,0.9960822225210484,34.980756608171056,0.0448570930049414,12.107440749526187,0.0447470014950876,30.074306241960542
0.3359372198719471,1.42340713380184,39.279504720182594,0.0438994754538354,13.78166036997714,0.0150198006851831,26.42276792936842
1.4505959578165415,0.312897370712877,39.049427493509086,0.0152675923911339,14.269644739547257,0.0151773978370413,95.5380467419824
0.2533371165578351,0.7748413349874814,34.32680448219888,0.0432582534622137,10.0824262727871,0.0156720864112294,100.42241268431204
0.2665407171636625,1.1616099749264546,25.040687561496448,0.0319408842035962,12.27967482554332,0.0397965931833496,59.557454822522224
0.2588486806324392,1.2853852974109832,28.91326326692294,0.0158041214101953,14.110614917276802,0.0445883797320391,61.59143644540804
0.2919566772215212,1.496421519126626,33.827758210209865,0.0409078657970275,17.98756235800717,0.0274077316033612,57.02160076073087
0.9448736111162124,0.2675768870501464,39.47823097165922,0.0360834885061331,10.056160816019313,0.043399202139132,41.95337641393572
1.491881823358568,1.0639905927925064,33.103317730823186,0.0152240961942098,10.212844463915314,0.044951130793866,75.9851728270105
1.4769525354536843,0.5964929998399282,37.21517787109967,0.0241322309078916,17.941318519782293,0.0273281650231044,70.18937675694136
0.91254835755135,1.4966128403220973,34.31483665560822,0.0278743468257901,17.33769445704835,0.044816664979365,51.52705901865971
0.2627683541628854,0.2972355436799166,39.568093395435085,0.0251310573698604,14.602310028559774,0.0449235109076715,74.91463944666774
0.9404937316921982,0.2970243989071621,36.996874317004526,0.0156959489088804,14.65988890244002,0.0445954377854134,40.26566235566581
1.0396163151794326,1.0863299423609307,35.89793811238391,0.0448975519825994,17.888758739881784,0.0189435865950854,67.24718586367536
0.2613036782563036,0.949902855850454,37.52953137036463,0.0440299708690938,10.229637231530116,0.0430730840369759,82.06236889267117
0.2595782033791324,0.711194206779012,35.693732750307326,0.0267197682199546,13.266199774865052,0.0231901241823287,100.10997053801012
1.2238665996425646,0.9853147139096132,27.555717875907995,0.0264930764877311,14.797389645541315,0.0240372623630732,33.1292977946929
1.4421965861615154,0.6785512496817725,39.60348223481876,0.0158468625177838,10.031873100581658,0.021685917765618,25.83276437007436
1.4600867957783876,0.2910839276448387,25.91379000099586,0.0288945936460841,12.3805532802166,0.025853568217229,49.57129354060445
1.471489502658871,1.1280332824012316,39.26249695653773,0.0183180246995856,17.291073635823267,0.0355685649899755,76.21471438793778
0.8405455818295503,0.9265466388640534,25.19513746952836,0.0448322302163669,15.431048688663225,0.0191099547396689,56.34011815772226
0.2595104330481435,0.2897362529978233,32.64048147444292,0.0292774962898289,11.954485476219112,0.0317914555880588,82.20785615704528
0.9095314854889622,1.147304754675282,25.303036525004284,0.0441673668992054,13.895386901075131,0.0270717201334052,95.68437010012283
0.8657807718762581,1.439041202904764,25.514880301255147,0.0150361526826428,17.346761882256505,0.0360489380732138,28.81059202026336
1.4982225006306045,1.3140733485213465,31.87783665938516,0.0216398600376866,17.931507975539574,0.0447651827320036,89.00612225727723
0.3626599207032713,1.4686233796441948,25.61824703059657,0.0165393724146509,17.990910597106375,0.028001218768419,106.33706440729443
1.4744363853774978,0.6866281398923075,39.876923620270695,0.015687769310707,11.918007856257375,0.0444121127948333,121.25037102187332
0.6314138218820475,1.492421213064238,39.43078352207087,0.0247120192178087,12.09830518609399,0.0293544725121674,88.27608839019904
1.097510117106547,0.2507676086427394,35.97402466145657,0.0280257089128125,10.036356019216312,0.0265983550069945,121.36273222367244
0.8066177596238776,0.2957403329313,33.65911329401921,0.0299509633280036,16.650695972502156,0.0162624263310472,122.53016955910348
0.265908104229768,1.3492167309977463,25.148504584228387,0.0319244315424469,11.15233486918645,0.0157254664943317,65.22402830606137
0.9645267405797626,0.3366268257371301,31.533040646085617,0.0208922878640867,13.386325732515871,0.0156989126344599,119.14727800373184
1.4663679820781212,0.937876585239317,33.46809655116297,0.0358167394090875,17.772586586860065,0.0152633084076128,38.73979524250269
1.4684933882425253,0.2710215568115339,26.173409782132754,0.0445558726065206,14.243788483319353,0.0448088366192097,100.31001206260704
0.8988539984078157,1.0279847595311773,39.99002583762522,0.0440518240543896,17.94225653522642,0.0446732353642681,26.44355961297365
0.2530281998176237,0.6756908461782829,30.74084329907388,0.0381290097345635,13.75600673836086,0.0160125320351669,26.45314324794589
0.8241895277165697,0.5952591625782192,39.71911526570168,0.0154469996375722,15.584638531652326,0.0151032936792618,28.05344429783717
1.480070623697602,0.9955461826746964,34.53153837889822,0.044266992273854,10.0367497138161,0.024216850204718,65.19840606427218
0.5952376468288977,1.495647171239291,32.06912367686185,0.043106712684322,16.585695137889303,0.0151757887600072,72.7724755948873
1.0732219964800942,0.8746154917859195,31.22721204595147,0.0428699352974464,14.344289991632715,0.0431778787703537,95.7904630606642
1.1747505688500866,0.3123713436775535,34.71540315475125,0.0273288996501848,15.257686230824945,0.0446655589743474,119.67805977600152
1.4502133975049607,1.4971274733063589,39.04065574511074,0.0157054583533249,17.84011756975661,0.0297511620831933,27.92041643050046
0.3197980702496976,0.2820007547783077,38.24554496995992,0.0328814331557896,17.475588080474843,0.0232687899575953,26.447656443638103
1.2347537161659687,0.508135382445472,25.177513934350248,0.0164536809276313,13.723844859959058,0.0413195565733502,123.25115363595972
0.250203858506239,1.1815375812870297,39.36252316417465,0.0264551090600099,17.761802886918613,0.0287929516712464,25.876741661591097
0.2861244268963783,0.7558221755982997,39.99637798423563,0.0448954136150156,13.08733892611677,0.036066539188195,113.33781575531162
1.4908066695771058,0.7711118476289682,25.26067152800768,0.0150280202729222,10.176128121629915,0.0194388970317956,108.66307577089242
1.4747432140706629,0.3223982432416041,35.08911126557688,0.0438676713382997,17.607757923888137,0.0293662282963095,91.07859983872991
1.4320285976059874,0.9524583674152982,39.91798535042849,0.0442500801701353,10.18055997864944,0.0443471459106742,67.7615948886745
0.7549648714954222,0.9971853944497806,25.760516757353763,0.0305965865385721,13.4423217164523,0.0151212067863731,54.23174069307733
0.9191585940002408,1.0394885921754764,25.14917472922044,0.029103428063485,12.93635937338752,0.0299686628995834,121.02343125182573
0.7299645257401243,0.2744025859667186,25.03074379674063,0.0449695306369986,17.70726373415572,0.0202000304514993,109.35238194034416
0.7055259978991284,0.3715777854864253,25.546028764926973,0.0217167347038195,16.018461469996712,0.0448006022237543,122.7827448600126
1.1200202484310315,1.002506950788386,25.2312536408734,0.0332577448490853,17.86447797479746,0.0419891474110493,121.21798839892143
0.2519198322677384,0.551213465447372,26.24801154290908,0.0443181179121561,12.652977002364723,0.0444893601098611,79.07742039693403
0.8057761306961388,0.2764661441223687,25.105609761530637,0.0307771144217631,10.152660037253668,0.0447924289790048,27.09277136056356
0.2851740781404035,1.4367990968331286,26.14921645825413,0.0443014338107272,14.07428043186705,0.0150521580203195,96.45872541175292
0.6084892063409427,0.7479518921900838,31.02018169467974,0.016208769870914,12.823100029833794,0.0442402662893307,122.19525649795092
1.4933211416187655,0.3082461119813163,33.796817368351654,0.0290918137223235,10.000972863827071,0.0349610745567129,88.28042922495167
0.9939914205939046,0.985237235930891,26.20621514747248,0.0257838589783918,15.090574687674929,0.044221072713316,27.08954708567521
0.255164576363234,0.801921649283733,34.17242612639899,0.0400748148890642,17.835787712334632,0.0331609947635676,71.11300204807594
1.48778260998972,1.0540006140041067,30.85508467091611,0.0239230949181214,10.2414612137245,0.0340729373129339,54.71489966880381
1.4224948109008448,0.3680162171049109,32.351828728182625,0.0263509374801101,17.890602145456278,0.0347254070462512,124.8487687560534
1.4820612391677646,0.8644866459022001,25.100137220645227,0.0445588457804303,15.89442966243519,0.0150248465600494,68.73627858057277
1.4396409849740288,0.492885767363918,39.817948679690005,0.018120677535334,17.860685358911525,0.0156406687572041,48.36436471638584
0.3991759188528198,0.3046904798973481,32.73184966271869,0.0156044247142515,10.738654634839127,0.0274043833072499,58.12233836316645
0.3270442565104015,0.2632586783953367,29.61104858255509,0.0168274132293273,10.14455647731888,0.0300310641995192,119.16978498767098
0.6466085894655401,0.2632375611392779,26.97773484225329,0.0281137612163844,10.418389933425434,0.0230191797043349,25.243921387375657
0.8686150591533034,0.2531700264684465,26.84089959690041,0.021629105070401,13.289296100253944,0.0323048091941379,68.8257376117611
0.2568608275800161,1.497360142017805,30.792497895962867,0.037838196719091,14.155203118567538,0.0435031515314484,28.871805684397632
0.3740930451902072,1.0611612926277565,39.9773298857405,0.0352126921502892,13.59064236565828,0.0305423297236056,26.609480018934395
1.4786726296438395,1.279625204358343,25.015786458545897,0.0438627746907063,11.865051379320407,0.0279359622472181,25.21744777976668
1.391690940674904,0.8375558476805252,36.41944066560458,0.0340934877360109,17.478402911286473,0.0157941082433283,124.64053955108388
0.8897985984279387,1.4883012318859163,25.149937811783737,0.0256425020245641,17.68483775890853,0.0214153869652642,62.4097214914716
0.330283629096166,0.2771700974848922,33.444710878520226,0.0381676784809138,14.208196066279251,0.025911476190535,40.51831688361024
1.0198106254305035,0.2582637569519584,31.938051074990508,0.0155401740738642,12.009689972599208,0.0330236714493372,27.392872101834488
1.4679073937777305,0.559094482179867,39.90102388514762,0.0290696388530416,11.437656983743098,0.0310602554070392,25.538907990721395
0.3040701535958995,0.2794792825968781,33.42733128148909,0.0158645624870929,16.375347217280474,0.0171735020402809,30.717860737755977
0.8316696711770114,0.7416229453645946,38.81984801863649,0.0442723986243158,13.729303143474183,0.0445141446990776,122.8106731548139
0.5493710292585199,1.1234668666274954,39.68416295662399,0.0309116641695921,17.660035222691974,0.0444051637556856,66.109605220312
0.2821401063151677,0.2555094998848632,25.743620531663712,0.0437422209313384,13.185344288368029,0.0286226758757085,71.908678318196
0.6964015856767287,0.8754898450694539,30.244932292985958,0.0150543141888525,15.950496085707686,0.0422598037373539,65.86700441794173
1.4767174473688347,1.238610070852277,25.016983857180517,0.0444520272848976,17.539201375384945,0.0293375668281947,66.0495067557965
0.4599339861422971,0.2769885594418101,39.24708321228357,0.0151231355883877,17.699636974496503,0.0448852731069655,81.99679366055355
0.3946722227771064,0.2621771237783812,33.499260378921306,0.0195442657677804,17.98669062077453,0.0307715848782348,117.18467671462037
1.47822602023697,1.46109242458094,32.69830879847758,0.0151237634376615,17.55296131291742,0.0166627484875591,120.72353226530902
1.3576457430245104,1.4884021363978222,39.06823478937024,0.0229508095137308,15.048906619078796,0.0162327504041918,96.46025521612444
1.4209002456161235,0.2704445066192988,34.78513984589543,0.0157925298904426,15.699375600939671,0.031510568491046,59.809634259426026
1.4899541900197033,0.8552796421939732,30.4408796322968,0.0447599101571866,17.902658527037318,0.0250715042653046,94.67193724298308
0.8870641835993868,0.2581374418208099,34.731091879884815,0.0445894661251085,10.158570957352094,0.0429868805040183,75.47376127702852
0.6305137118020172,1.4823892715720248,35.613753980772,0.0444167932753935,15.213026711940884,0.0320184065089785,106.09853776047562
1.2014473401913428,0.8590323091632466,25.1426041539374,0.033874060600945,10.405847195964412,0.0230169898321906,26.730754932002164
0.3165567006726396,1.4675284136736406,25.176688906389217,0.0330867440763412,10.053167659051573,0.0167839056477878,122.1372206762769
1.4738140052697903,0.8233735170488836,31.43621983412075,0.0163485022408815,15.289666642402388,0.0448390919143048,120.91475845537708
0.9403305969986911,1.2592323817931526,39.71077587731132,0.0224970466067737,14.849130361387497,0.0151011314854551,47.66183008346113
1.165611790263038,0.9973487952230142,25.261344737510456,0.034092840764405,10.147922651834728,0.0161255621508878,123.17946720682068
0.957959848643852,1.0573947572902562,37.98927013348813,0.0264079612798548,17.990322025522225,0.029638595966353,69.49208341883423
1.4550590334028124,0.7053496804161614,35.715055489105524,0.0429725044737892,17.886103163771427,0.0266977583644417,26.30835147773057
1.349138413611448,1.48853409824809,31.310939895369486,0.0418767926634967,14.091857558416974,0.0447904991447754,65.66445324936282
0.2584480675620876,1.4320971461735696,39.89014433369029,0.0355161670356049,10.354270858625195,0.0340533099930927,77.48635861168145
1.228465779591515,0.807701948841638,31.19948523072649,0.0383589400670094,12.599272879747442,0.0161333300071596,90.77346398149038
1.4989366671452098,1.4506979179907782,38.869657578636,0.0441350759785316,17.929254078409155,0.0358281542043067,113.41950779750276
0.2944463326120702,1.433785748761483,25.50692232254832,0.0152682420695409,10.533122323697327,0.0329597739621733,116.39630876354936
0.3382596825042226,0.2634001899444116,25.41864078862418,0.0334038055015508,14.161045619898982,0.0437050509218388,27.70161875299413
1.080266374028911,0.6570977866410228,25.01076398919887,0.0445896042948701,13.291364757542729,0.0411562392608841,27.46209253683931
0.8176005979696043,1.4950927825265248,25.11786293895901,0.0356532486410857,17.888292974638833,0.0418446276740438,83.74358023470671
0.2685249903925439,1.484950872081766,34.90207168133213,0.0385085895020146,13.00861962804944,0.0284116594758904,79.84344447845027
1.0689024050363347,1.4827011270316994,33.9806980337232,0.0426098680743234,14.88301795708768,0.0157260388423382,34.96835307787592
1.484356158685401,1.3933808180899665,25.95492626251199,0.0215648008986311,17.549947519929937,0.0448903245947838,30.857589402789365
1.152076142029347,1.2077678976100308,26.30238922418761,0.0311141460074491,17.182401600580572,0.0172016621101322,124.46604110472644
0.3419524044801093,0.9704349706458428,33.35781249805241,0.0155473779916498,10.006253398173351,0.0257715417638708,26.727154863516237
0.267515996646822,0.2781277383591415,38.17688768246559,0.0270299287901146,11.040982080027137,0.0396959474015215,26.840535205160556
1.403868258173432,0.3565635402661713,39.93464896209939,0.0394437504822328,14.592582986672737,0.0268755825251635,120.57929624930344
1.4952045615033998,1.1397506228621497,28.535131258295763,0.0154026739051237,17.84580983152138,0.0270777443172648,86.28643238841781
0.2711154866410835,0.8064135927785567,37.18610929674091,0.0159465667697144,17.994516105037086,0.0160575987308334,60.252929736809016
0.7028244769436119,1.4766591440975827,34.49210730814529,0.0336482049360779,10.212323733525778,0.0156537519437899,124.08090516811028
0.2870270713755527,0.2603156881723568,39.74185679524435,0.0449754955912495,15.060686799544223,0.0181031986191703,25.652395716592117
0.2561062413334318,0.9430026637115018,39.613480093001286,0.015197812677884,12.419247875364,0.0290251944232531,118.70151400980478
1.4775372831301712,0.325088893007568,25.003952859220423,0.0436629351349167,11.202991594240242,0.0268322014958053,94.7545812548624
0.2914882218146656,0.6749638939567779,33.132624259545835,0.0392947308308364,14.813461937426013,0.0440186520473801,78.3548421998778
0.2564129647557551,0.285111010056742,30.176839330599364,0.0186381037488773,14.676786698512895,0.0373774845822871,99.7940583035319
0.5804556205616211,1.2366825553329273,31.353249937702135,0.0271294851402526,10.045986170059082,0.0432099005800536,124.6536500797432
1.1338841222008087,1.373746619367215,30.85041576329572,0.0298636799356484,15.200584543785428,0.0295818054879639,63.16343530926254
0.61751414386907,1.4068455901275327,39.27705127240532,0.0281091560028633,15.209902424460932,0.044956470045428,29.46612407738347
0.8645087746730987,0.9706117710703932,27.64626992759956,0.044382563007113,10.62183659485738,0.0297605614069556,72.0591879886351
0.8755209440335774,0.2800285503838859,25.23084773574383,0.0151728601891838,10.063135188241365,0.0437323536407248,25.06733778905953
0.7005761322749874,0.2813707667066258,25.055190769030208,0.0246273793404128,15.029067296114182,0.0160906844658947,82.08103650721989
1.4892264118037668,1.4999422390734185,33.70121732372272,0.0262928443117421,14.619136469047763,0.0446411948894764,25.5161247507254
0.8746348546740108,1.4990816673129796,32.894545687886044,0.0447865018863971,10.015338848769913,0.0205977426565549,83.94072794167228
0.2500392216157862,0.3436186719601846,33.96218977114325,0.0159570025774405,13.9025211033558,0.0154080238416799,123.38280613451109
0.5705942796527395,0.4730030498520158,25.39891970970668,0.0292686617745717,17.46130360897483,0.0311175944804607,124.9034015510204
1.04034090209819,0.707848364968002,39.83491334972874,0.0278054930151193,10.305058941132028,0.0152255021419341,38.75609929600089
0.9955431805121312,0.2722680806409215,32.74869730465625,0.0322010958157342,10.148501906703435,0.0285689237695288,25.38354265816885
0.8747765794048777,0.832271038890292,32.386007286422895,0.0234951963123957,10.028848560977014,0.0228625680539782,124.59984697925717
0.7614993799021618,0.2665206939194852,37.27525583978279,0.0218720775443066,17.971638946801747,0.0274896912732816,28.19630905541713
0.8558899927837075,1.4817584633948178,29.207320224616424,0.0373019387073864,12.02914029586726,0.0433506703944062,60.13941893273934
0.7726115728856201,1.458879754671223,38.99008333220047,0.0252433122684325,10.165978098501302,0.0157793009699845,83.34451542540666
0.8666075163704393,0.9494784415836652,39.986453357607786,0.0347840196152363,17.707830887538094,0.0203531627126908,40.65664410691295
1.4470183351427826,0.8931162334495465,25.215023028296294,0.0156686142167729,13.791897218435777,0.044705998759637,30.99657968072169
0.2843394307567236,1.4491936876798168,33.100212624566325,0.0302902457162813,16.5942568260676,0.0243889504938327,124.54565403303164
1.0990339288592104,0.2555616188887442,31.850251046735497,0.0436849110075613,10.296473569957564,0.0249914788478898,113.74706743994705
1.4735062025797074,1.433036947056865,25.115925451323903,0.0385071492847741,13.990415277814332,0.0151548131597591,123.9637922463622
1.0239617666115912,0.2537543925227872,35.32244622465742,0.0317518355276858,17.780854903890724,0.0287927960949659,93.15576888863777
0.3461208850759947,0.9311247283432902,26.634945992459837,0.0443755892493984,14.101456351373514,0.0278327679893793,29.867765972125348
1.233900015346837,0.3243328104833982,25.32385158105744,0.02784458944395,11.98134383378422,0.0150260100666554,119.41785962953487
0.2717893973839473,1.4838418249995555,27.21572253404057,0.0448138132297925,17.90808105994368,0.0262450765913786,27.129289816747715
0.5612879423515563,0.284984432620031,34.54510823811006,0.0433182012062882,10.80447175902362,0.0354623683537536,123.97997286676812
0.5157583828902315,1.210819461211476,38.639228606382666,0.0370980404376762,14.515224113756885,0.0447429228918792,120.95614648373667
0.2982103415953991,1.0342434654350905,29.78139255606619,0.0366659346611659,17.92389564707514,0.0168190790314514,55.32813927679474
0.336372297541771,0.8145057510013031,32.24579855190996,0.0266825913067535,13.917742186870957,0.025383326119073,28.946876448866146
1.255105724139999,0.3026898639023605,37.51933123165106,0.0437413129634604,10.275968040892002,0.0234793485671263,73.98055793765647
1.4969767446103832,0.6264959521225242,39.044963946186215,0.0237015388722918,10.07868263397442,0.0443426270301363,63.45402554799418
1.4766159889043466,0.2965466110519973,37.0786621437147,0.0449395999282513,13.044403102081084,0.0438089848554867,28.70286854942802
1.387359734759113,0.6722194511696686,25.062572790382763,0.0162707657890484,14.63436745538456,0.016359068932631,123.8978603296038
1.2918527884399886,1.416910998498895,25.03838259774289,0.030073959318881,10.046155359397236,0.015629490564652,25.64007947176068
0.2770148397650545,0.8580662751914019,39.94223626755348,0.0449713600698555,16.645737273478893,0.0434625631438624,40.634310083805794
1.3022065336526278,0.5239641968142117,34.91619536033816,0.0436419004571065,13.187353800214463,0.0156356911167637,31.34708953713156
0.6888153632200205,1.1118962457765875,39.87608890300192,0.017305736861651,14.595978018802048,0.0335191221714013,69.86745051283445
0.6012770445273273,1.35792154022488,26.1041799293288,0.0151954066422268,17.992375346972857,0.0155241764854592,25.30649832444951
0.2586215988662885,1.4686980344594749,38.56910984547133,0.0301497042866065,17.640534082625877,0.0157953497765964,70.74174778752766
0.2717293588143941,1.4864648534414,32.264766748247645,0.0415553197695829,13.030221116813786,0.0150941977389059,58.64544331425452
1.327114608334166,0.4273364716667977,30.11608480045294,0.0312862111735115,17.708351687085532,0.0154843093217189,68.71028649479803
1.4497112411805924,0.8214286676043832,34.968818014519954,0.0153977233406093,11.106657627301107,0.0157749937093265,59.77139106388364
1.0191827139299303,0.8041849407556585,25.08127731256449,0.0175653082807028,10.050882268342727,0.0170305725332064,69.56758403628857
0.2737765926181628,1.490886563713503,34.28242354803333,0.0415646773326401,10.004692683654527,0.043476980080004,124.99513158781028
1.4853950266929672,0.9363067780527377,31.083173241268604,0.0314544173447497,10.646668354576748,0.0443041008358996,26.24157086089003
0.2570180432555591,0.7694745469246598,25.552662851027478,0.0219007718343348,14.401244116990934,0.0389345729188449,29.73605000751444
0.3135715180447542,0.3188754979247064,26.082656975241388,0.0378575063737973,10.217169450705027,0.0153858486770379,87.32429385523798
0.8716035164979605,0.7562683746123027,39.82210649771928,0.0161270993325191,17.706488667151092,0.0441625069197229,120.1208764122752
0.8572463186470325,1.4381943155901409,26.662678384605428,0.0433968671911118,17.8574569856078,0.0248967750936624,84.83270883985517
0.800382493291252,0.8600796340355232,26.1129708530757,0.0311400151865973,14.182781931323316,0.0402805378485907,92.79152290625814
1.4889957827654854,1.495075860473262,39.97513610754894,0.0155649857605841,14.415675264365438,0.03859540533053,41.98530802121962
1.251440855234552,1.4637420560255905,39.0353421937649,0.0152876677760645,10.047244907481902,0.0430814569395344,62.80713788733488
1.4403201237341263,1.4605448206273957,34.841988257659864,0.025599312345069,15.24496460262452,0.0299870856285173,99.56216471044792
0.3850642289454998,0.9219087503948185,39.67682552862496,0.0178963505988197,10.815516221875493,0.0449401803677507,40.94237522798022
0.270046091721375,1.1927602278133014,39.78109887146807,0.0424092635875642,14.760771287139749,0.0160832802600645,112.50334720307733
0.2599293645722936,1.3723145319606744,28.641108783133102,0.0439416740481299,17.97972505789492,0.0183719121480618,123.39150759987648
0.3195050849297926,1.478950872237008,29.417215932996623,0.0328617010945802,15.103846433175915,0.0449713749472926,118.95620752800092
0.273185997676493,0.2883567387909972,39.68003557739688,0.0150145038335731,13.593073315226473,0.0392573570678357,42.22180696749338
1.1571504674055055,0.2698074343949922,30.626821046728512,0.0443906985290094,17.81230310524581,0.0357075619470381,60.72963710329272
0.9746065542488844,1.0390961914253292,35.84774294849801,0.0446716255147914,13.536857347744146,0.0303338603159679,26.41597667600507
0.6671704111325616,1.4323883533693318,32.31050614857308,0.0152056252805091,10.356493979283924,0.017090501975234,66.39201924841421
1.492095359037924,1.4848359962966975,37.964134714497135,0.0446666530941209,17.70376334689496,0.0150987673700223,77.95473151184109
0.9878335887538264,1.4734441910678453,25.05610463349761,0.0337735591734634,13.480834617458315,0.0426180795035969,123.64376272139178
0.2516074387364101,0.3683373026757718,39.11277032101745,0.0257344165973615,14.9660824490473,0.02024264272973,67.92524357250373
0.2575872465756818,1.0032780980808989,27.95401749368144,0.0419261187653101,10.114059922344008,0.0371957098299808,122.10914847460135
0.7950589870726581,0.8944510532459892,39.89458803120761,0.0241981749434182,13.936869305310934,0.0170918137409377,88.07743890307651
1.08415495424512,1.2617381723503056,27.30370742417362,0.0158138870402651,17.928440594763998,0.0340857122062603,120.43740114879928
0.2528385769684698,1.476945272747238,39.24889237320101,0.0440368966643385,10.12389855657873,0.0220243152628993,28.289256595867897
1.436512583902216,0.2518023230440662,28.6787290424084,0.0263598180273624,14.296194720834473,0.0431909092830686,48.75385937303014
0.6512361262713147,0.631762634651329,34.389668396556296,0.0262069355795975,10.055128672918377,0.0277572876089671,68.79851588054332
0.8471666907590625,1.4870482857707967,25.43552414980652,0.0436552231905258,10.386358735553912,0.0269175713791833,26.894345526325413
0.6751090379732131,0.2529098285922679,39.952854060255824,0.0427260920880579,14.118628465417563,0.0174000604695535,92.98170510097556
0.2513633902411504,1.0353715959077991,25.186905908919957,0.0308052966149658,15.636241734625752,0.0237823720068183,86.15404807051334
0.7415423410242732,1.067281131920538,30.35503809795912,0.0349668216837282,10.252840201764098,0.0300944810905244,121.89611746544776
0.8173284343723949,1.4865644594447571,39.79705241160202,0.0172005502783546,17.950034494414936,0.0259225368678724,34.4960934485543
0.3104306920873604,0.8030675238102124,33.09754930564472,0.0448189486379079,13.636572070580938,0.0290867759310789,124.04792184181352
0.7590880293277675,0.676694914107246,39.8382714337838,0.0343298433095111,10.083889581929212,0.029674584316927,105.52616084340998
0.767007774990576,0.324356781654013,39.62948611731409,0.0288487471005561,15.596450028830215,0.0343658111142264,59.82871711024236
1.4902065192617997,0.6826624584832393,31.405471387024576,0.0448690160442334,10.590680063578104,0.0434979816105014,59.24098977122042
0.6395489369810534,1.4957824662739485,26.79690477249016,0.0315351797224468,10.248821829866523,0.0175999045378472,27.43926024974499
1.0472287473772277,0.2598427992446598,34.378942778673135,0.0153235008119179,10.013214281722057,0.0449518068829697,44.862433495799614
1.4050578436632757,0.3243674770522866,25.07953533280651,0.043697833563863,10.187194563859896,0.0425117787905371,26.801641524198395
0.8920814413364233,0.9915994250301632,25.160839080626623,0.0185942542694811,10.60978526071426,0.044513769654972,92.28743827013986
0.9315406281811563,1.4861442187247476,27.014354539813933,0.0156282384464239,12.997173726565329,0.016482422277151,62.92850987181674
1.0326112518297006,0.2820901310001221,39.78835882152477,0.0151794747608603,12.170151007176903,0.0153543935818339,124.1086845829639
0.5366898075298051,0.3123899906280124,25.32832946936484,0.0446160654413335,17.635207116112475,0.0332710324872062,69.38102431443451
1.4867916892189257,1.4123041589852086,28.129806115700408,0.0301661610014969,10.014215047031858,0.026199321973152,79.52511902953148
1.3377521703086406,0.7819620501095317,39.88927403144263,0.0414724673604614,17.458239885095686,0.0264511949082255,98.92734282013664
0.4662250487820685,0.7366179897804135,28.32654298457238,0.0447361284855243,10.497300194567952,0.0444168456715762,25.924351803523614
1.0119426729853478,0.6791702514565459,25.867340779477605,0.0302678223165962,17.974899424862542,0.0250116475713141,70.30137690753882
0.3896923522994439,1.4997770732693738,39.92925820799334,0.0258668062752523,10.728286757309224,0.0150045536226978,32.52371099570844
0.9236177689457332,0.5876811498828749,39.93980787791222,0.0446914585821807,10.360618921834922,0.0152213053118987,122.04464647006584
1.0497228222726604,0.8991771171598806,30.04680870797016,0.0151626319329551,12.272506936776272,0.0345327377577792,91.12399446415404
0.3495759377748627,1.1872760803873006,32.82882156682034,0.0242802376506873,17.77670186367752,0.0317613608873669,57.47322531817069
1.4720022162637627,0.7972835550488407,32.11348212863936,0.0346627529663757,15.180117781048876,0.0256295667082517,48.8901493757838
1.422160262090271,1.138259306306194,37.29513562153117,0.038103722403275,10.096468545872584,0.0301842436412132,25.63391596568445
1.4819596272227122,0.7139675680739913,25.097944339559465,0.0297756656771036,10.36563486497857,0.0418114971958279,123.0480901599407
0.2869060904196189,0.9681126747308932,31.91211202750776,0.0161964232554531,14.888577865566337,0.0316175948440227,124.1093701051611
1.0500066204682317,0.2508472589249115,39.87998834029345,0.0162436715402755,10.215857565160544,0.0317378211400037,57.39182843227336
1.1021752296475291,1.0902920795042736,39.95951434211107,0.041024369597388,13.88447353567282,0.0157179894677365,28.44779841936691
1.497153513598943,1.2386116182561568,39.88624796706393,0.0418829298728257,13.41144223868748,0.037243472858094,27.632522562486805
1.4823316042417125,0.8814147370692259,33.070259973253826,0.0281627352428452,15.606187490406588,0.0155633769831814,83.40591951874688
0.8262955176870344,0.8276449917218889,31.912613508669487,0.0431077719445746,10.3606348185006,0.0276385535192528,26.084796320188307
1.0247809640914052,0.9305300022513984,33.75869447741546,0.0222468536292643,12.714468267362369,0.0371325183115645,25.097954746901756
0.8865597381604444,1.3317005094078689,39.29132376282461,0.0221595156098321,17.888587535273565,0.0187764312698844,124.83655148212188
0.9013133273509836,0.2800423862626606,39.85141394917646,0.0158728275816839,14.207194071000693,0.0328230757902036,84.4599760057089
0.6221064140359995,0.9627577755869912,25.60737467995428,0.0264149303048048,10.238348421493107,0.0313933431164136,26.62118493602469
1.2725894604781898,0.2654238514077897,39.65737202374368,0.0261362345940077,14.946558766541454,0.0243113300845085,72.46936778727061
1.4184127560134605,1.4793803479126306,39.61137807062377,0.035414269978854,17.91528062542998,0.0150713119633178,118.82767783206656
0.2605070206324323,1.4909301566482993,39.67106758610123,0.0443065738588527,17.900419504785052,0.029523732555709,124.81505410574223
0.2746199995254965,1.4833527309029462,25.346179759497225,0.0173856833630388,15.367367186530316,0.0444888724440452,106.77344585696756
0.2512734047797131,0.8230919452214146,26.76677080080244,0.0292821995099135,10.030010722896474,0.0443462297003046,33.79907593862463
1.4582010746456917,1.4870520299611811,30.9105239324146,0.0336310891202438,13.132485126879766,0.0186981375007433,40.89173349547652
1.392567205834608,0.8989123021863614,39.53394654794769,0.0246659671537216,10.282102610528856,0.0258646490912159,123.33070214856455
1.174256246012281,0.6462183633844316,39.928204491328046,0.0249812064375191,14.822252630264394,0.0320990702671076,26.368285184245
1.4350263233456488,1.2474659394469008,39.005703910004726,0.0311072702714616,14.789963727240613,0.044786942541272,88.05022122076494
0.7484669596839414,0.8915042854812527,30.407180782418664,0.0299919765873905,10.079314792927596,0.0151295326944737,82.70348647004829
0.9762123323609282,0.2598916919405472,39.737910743511904,0.0215753117022873,10.408940597702792,0.0448154995761127,86.65864553296954
0.989600855862395,0.4742954114901052,25.29137401517009,0.0165754192614692,17.985792468772427,0.0325263001733498,121.9492413604671
0.8573186650856627,0.5705010073576275,25.431303592899656,0.0321922109434573,10.04477328236818,0.0258008347334278,63.751622755031576
1.1171204342551642,0.264015773042259,32.685177386838845,0.016310733013383,14.791348619448218,0.0427084203655202,81.51590496579152
0.2645003057366979,1.1775743363383304,29.391248138773005,0.0449461896229353,14.354439227961086,0.0399475998566561,84.19664078737598
1.492500190229616,0.5286661114472868,25.79191845203388,0.0155196852555899,17.677314370075447,0.0334212983506303,26.288853910153342
0.3018161510661516,1.4290150229951246,37.81152471741725,0.0154552640106964,10.629890519737138,0.0155670089137633,85.24594873090189
0.2737945426509366,1.493416026359713,39.31838259423051,0.0449249673496294,16.00675418791706,0.0444658982672352,49.82057186153583
0.8255049998533446,0.5758408022281336,32.034295218284385,0.0395478006313522,17.314060445514166,0.0377822087114615,28.548372087630234
0.2516831313956689,1.4972623266317744,28.032423727862174,0.029155718527751,11.199348296299338,0.0306735852927488,75.68159528813962
0.954903620572788,1.4936084135239196,32.55253204197592,0.044885779388709,13.765111771109748,0.0421895831239023,25.61531459142706
0.578476797904931,1.0559562975207926,35.97502040715192,0.0260924893873882,12.355387803790844,0.0155720955683115,124.82758339088556
0.2534694695792193,1.0207970537506497,25.34267365235056,0.0442475770608805,10.05062151748399,0.0435737045848079,67.31790049147827
1.4129970245359258,0.6298856449771302,29.62077712523065,0.0211210953916302,10.492507346730251,0.0334872881493098,123.60922176146867
0.2697289561244751,0.6743958276022239,38.92796705711445,0.0307848979544553,10.311522977275215,0.0222520725590547,43.06444657601087
1.4977829065373,1.4711597233554612,32.15961809159191,0.0169196520354077,12.180209040352858,0.0162226992305811,73.04534304026458
0.9559099002983636,0.2811178799918074,27.76230538969313,0.0151569216218843,14.09006842174687,0.0150993714764052,49.92272176790844
0.4870264293791316,0.606776407449318,28.254146710652137,0.0240181049822248,14.500455038291577,0.0152695432489434,117.63017763636633
1.067929449394163,1.4522561787438817,36.03307323397529,0.0211798193035221,10.443966831230323,0.0306509342424248,58.68577757604353
1.244743314097038,1.3986509135769718,32.543988403546095,0.0264934762793472,10.11069324934153,0.0449907663019928,73.2539365627809
1.4860692923771208,0.5769577726560896,25.061964977025795,0.0191933126903956,13.79191488716291,0.0168970516556213,26.54792309179657
0.914251129112688,1.0734259893031513,33.01597063184769,0.0363900829602586,14.690638268396537,0.0337127595006315,124.29191841310666
1.1438871262255312,0.255982308544018,25.02399262735452,0.0317245265629045,17.979244707021415,0.0274893753531445,34.39673049849643
0.7301257626491818,0.7875806841742257,39.99392910469181,0.0444908754683679,13.744439829866892,0.044105001859936,31.351273052855245
0.6424170557489982,1.4935768983430753,25.35021795421313,0.0319013781560458,13.532079089059652,0.0318115091021096,25.151920790333293
0.2704924347513778,0.2677582036649712,26.886590170688077,0.0158613324660762,14.306494070940794,0.0280656786955505,35.61560267377683
1.2108894334813145,1.4689378465944096,39.43768815655896,0.0370799976327142,10.79595198481937,0.0385340449191998,69.14700994200014
0.8159147298645324,0.3392062687723657,39.82453673342622,0.0380318816784439,12.184045281573413,0.0151607365787328,31.942480348776968
1.198692559730934,0.2620551435651833,34.36102574453049,0.0296965077962903,17.969373953230374,0.0442386479765819,69.34354739290688
1.4320261226803062,0.6138534580993953,25.10157880571458,0.0175107545616032,17.887849724999377,0.0296291708083477,74.16367026195493
1.4266952617220194,0.4139518510964058,35.378919741132336,0.0446568760780046,14.210260852281332,0.0161364435674916,117.79799538194273
1.3362655418295255,1.2249834763328358,36.99303751767872,0.0442506494770229,13.74814962225993,0.0253797692534574,78.95214336067355
1.1964230266317295,0.2726077683553273,30.28080993360557,0.0435368992452261,13.247732493742362,0.0245604219607251,65.85671216857088
0.4279460196030479,0.8237072338130144,26.21479633665886,0.0154141439023296,10.252065721399466,0.0163120415363435,118.76394638133124
0.2886498604589992,1.476141612782893,32.34420801180905,0.0250551009220895,10.207485579605102,0.0448468320728008,71.2506586816937
0.8281526780691479,0.8610696620609486,33.35401556068828,0.0350989633582776,11.62950269943108,0.0449363033428008,118.23327036893278
0.7765707985127116,0.6803109186311884,36.750314796337015,0.0448455235998709,17.6613083559297,0.0315698442982476,85.15335768075457
1.4738101616570034,0.469561019242117,31.48959402122099,0.0248283691585917,10.287562517813765,0.0298021781660588,37.781162113190376
0.2845831327284517,0.9954520019186638,33.32904465258933,0.0238954682797663,15.654884919614505,0.0442766241331255,67.7492430954976
0.8903699565751687,1.3367034894333054,33.85908510699408,0.0246413956994965,13.436758087373958,0.0360778540940322,93.7411201744235
0.2564844917487168,0.2712279390485055,31.18546666168749,0.030882814802413,14.196920294575303,0.0150536801500563,74.34534057069133
0.2868069492764064,0.7346572660411301,34.86048666537432,0.0357506295019563,15.198165237739923,0.0346682468011454,29.20408639626385
0.2734482720808053,0.2515745958898933,29.44065615602342,0.0282913871136026,16.893695250203145,0.0446852833232258,123.45768337728076
1.0404032472818958,1.4005052181265472,39.98509218328197,0.0378346775456391,17.85382447015894,0.0448798417242439,60.890088153912856
1.4544108584022868,0.9813347842485958,39.7050249567295,0.0313793960663349,16.279242318704092,0.0173951174572631,25.044473171305825
0.2806322650677386,0.866191299592312,39.35324679492685,0.030181237454845,10.18015445661394,0.0229217642154464,123.02867997265736
0.2545623022931054,0.9152017172296124,25.192843948774453,0.0444428871861372,17.68906528333033,0.02639836368865,87.3326289390128
1.4716421556820296,1.4902221109591096,32.99367988189507,0.0374681132944009,10.872842244176017,0.0426344700587695,25.8972345805453
1.4933992851994096,0.3716085734257563,25.15045976176469,0.0156473223396822,17.682557502615623,0.0156891505306585,35.1911835560639
0.7896652088217414,1.4919702033532145,39.12357523112506,0.0442984232986321,15.934239064520746,0.0380955111322606,28.083059168717995
0.300137734182322,1.134364342695337,25.365434226215637,0.0314013582122536,16.594413575993233,0.0150305078891202,124.76317117570149
1.1950927400867828,1.4744616519704814,25.00856819511666,0.0168488526218912,15.253458439478193,0.0264416642317659,62.39732516945666
0.8016410188921633,0.9529040916321628,32.48582736818518,0.027251682686681,15.065122097930171,0.0160114585500959,27.83314961751704
1.4109602367671386,1.14049004462984,25.047285011312887,0.0221269580872799,10.032047723765505,0.0371732031997871,26.233586421999977
1.4937710926970498,1.4631444387196786,29.487280067429158,0.0441841095181423,17.87125752666377,0.0418638611186139,124.21264858902732
0.3287653811433104,1.0919461629204164,25.565368765778263,0.0153632441482736,11.644730664034167,0.0239247001800869,25.174309881851688
0.3175082535167081,1.4888422191473805,37.23653873705256,0.0404233442496664,11.7770073456219,0.0223392508273856,120.76255750927191
0.2598584183977115,0.3338335810130444,30.50459816318236,0.0267122389426328,15.27852505396319,0.0290107577574621,60.00154278157164
0.7855819494254932,1.3665871208661071,32.65543257835036,0.0180651497457445,14.384305899848393,0.0446879223614797,57.46832473083053
1.0049586089797609,0.740707651663475,35.08042328256386,0.0256164132431877,17.47780282587602,0.026887279376202,114.61784501123364
0.7410341709052551,0.2510436873769684,25.084660722661027,0.0448680097373788,10.94189955842372,0.0439501267520757,38.746476296276576
0.28535969156051,1.4960165850605456,28.954096199438546,0.0281047367438385,13.164056876770951,0.0222590338455521,39.013590397588594
0.4358367217809406,1.264933293958689,39.775612155918736,0.0429144013431303,17.878751197884817,0.0277517379373832,27.605924428801
0.5711618699433314,1.485477898971005,39.85153725946231,0.0445009863691156,17.879881204244317,0.0158214161159077,114.04601734277448
0.6884230352559705,0.2805491159578243,39.58759611806109,0.0341622718222884,12.732409069673905,0.0444191783744178,90.01441755713348
1.4473481690906338,1.1457962783121594,28.91494267137313,0.0259708046830821,13.350498694511156,0.0248247931422523,90.09315588844186
1.3375001531517057,0.7106898013861453,39.62013121639813,0.0253337129913425,13.122403151029092,0.015126867604902,68.77725611817445
0.3265144648024471,0.2753106099839545,39.86877161709749,0.0343009037746867,10.202461695332094,0.0161766224402013,123.49443009474132
1.221767170584186,1.2750091672048658,25.285240536075463,0.0341994884794159,16.1188395540744,0.0152262108979579,27.82493662937625
1.4907681706221023,0.2583025916603034,39.827814042288935,0.0243979100632505,17.085614899491063,0.0209436085043418,124.52987211944756
1.430486603314384,1.0456274084034638,32.123757451842245,0.0389446895212186,17.843721573491905,0.0346540703210384,55.80833863281077
0.6174204668400547,0.28316842194235,34.819897917721306,0.0343858420972547,11.618917726741683,0.0247004876904758,110.94915518118118
1.4879322161850803,1.0672111885267834,28.42200703387445,0.0348593834359492,17.882782546775463,0.0311271409550611,122.70653747938674
0.2677408782747419,1.471792113120039,39.515690953588354,0.0253126580618471,13.270472574513905,0.0449498731568861,123.83460975398538
1.163075975773377,0.259385780403678,25.01593393214561,0.0197283844302487,10.063009366954969,0.0303115879978154,86.07962665412717
1.0483703536905788,1.3802654531179073,36.53030681176435,0.0290490301762401,17.77729164164981,0.0445986014222203,97.62039104395276
1.179649766443824,0.6257863955866457,31.193806077941687,0.0336582381781675,17.93472833475224,0.0445318864456863,123.1044038210218
1.0570986740893131,0.2501879929539211,27.973030640313077,0.0394490813600016,10.266189680704368,0.0375814234536861,124.72828682505288
1.0393114439389055,1.495370365077264,25.11185802083924,0.0448256687066781,11.916286618365527,0.0226052288611703,68.36701154840713
1.430964939729174,0.7826203813709811,25.15554773558708,0.0155045806009298,17.37641417104052,0.0151805911292186,74.95686489178667
0.471032031165423,0.2617303467116891,38.88484680142738,0.0349624117324092,10.048614084488417,0.0345853048886066,64.48178598326685
0.6589629291027261,1.0819825610956073,34.18691791356506,0.0151396695558752,11.156978566575884,0.0313640488723299,60.52043474749331
0.2757157910693452,0.6287837096118195,31.3355175707308,0.0436770870780477,11.10900525987547,0.035736127675812,69.22520895623938
0.3712165594195602,1.0023266554384995,31.444377937101752,0.0284949072962229,13.011400967966752,0.0150539681266355,62.1074323808393
0.2505507144192169,1.4783774633891935,31.67805717362208,0.0155930708835848,12.541895163046815,0.0276569997414312,123.3677655052652
1.4976651014719495,0.987362010259131,26.53614784763508,0.0349559842128805,17.60297484153642,0.0370328288674662,25.240912867307497
0.2506608011094136,0.6674902443024632,31.79531621348654,0.0442227272113047,13.72108528255377,0.0150566575996261,108.6391345801732
0.2553859703869079,1.492941691518237,29.6978744661678,0.0167326304177706,13.07953712915062,0.0165403925855583,80.36605725653646
1.11070666063391,1.4287321391580237,32.37674685271242,0.0169198932500855,10.087191789962198,0.0329949339515827,124.78489059519264
0.9132180907963344,1.0900397022041672,25.212896184613943,0.0174069877640828,15.435157078540978,0.015684051106306,122.58055775450693
1.156143312130592,0.2983730150344864,32.47261008346829,0.0234272018471164,17.870973209241054,0.0447162672357669,25.552198534949856
1.1485518360282447,0.2501840008221633,27.14551858270161,0.0310302282326526,16.154695835445548,0.0385561335027263,78.03905065531707
1.2585257286782383,0.6942579033779571,26.238584378622523,0.0394298514841174,13.055632285739645,0.037919079943552,124.4666087110249
0.969025332898518,1.4867813653517814,39.97482217668173,0.032480917939784,14.737578853365951,0.0289979311454563,85.50024018987705
1.1228792832444348,1.187665439753514,31.136468479808947,0.0151991572729664,13.477134206785507,0.0150988676705763,29.72592587609494
1.4625691464373607,0.5172768346379415,25.46698705509076,0.0422207464020552,17.911180161447223,0.0299712274731703,123.43592515191956
1.054625618504612,1.4523869916410863,30.484327959330276,0.0446656584200596,14.377640733449816,0.0154659017180446,108.963667192732
0.2728990171819651,1.4822883929958257,35.99776150787747,0.0206311893980287,14.36168907427934,0.0150403940647766,59.501057754571406
1.1082739240326354,0.5588316682211052,32.325787249466856,0.0151544155078052,10.071282260971612,0.0150627031805856,92.47441206975012
0.3862850015696464,0.2502452955991072,27.79709056064996,0.0153765735015762,17.265018741353206,0.0185581798563165,94.56736347967572
0.6788655302455944,0.7861915080958618,39.74417723821552,0.0150127235050927,15.993285643509374,0.0444068393402937,62.46721023933824
0.9109841721471444,1.0925403744449462,39.50892649926205,0.037466547463653,15.502055485769688,0.0159510579434475,89.29458612447507
0.6935604098413861,0.2518507860588732,32.7304427801354,0.03315936796117,17.673480506362804,0.0167416466853491,36.58439765921361
1.34925640750959,0.9641301667772364,36.466177141752986,0.0150187445544126,13.616706089629352,0.0363414409648103,87.02571861099182
0.372285932537393,1.491734181784819,31.55314270257678,0.0205993895437701,10.098995257730271,0.0306190471785462,30.52787489905884
0.8212500086218095,0.6261881613939945,25.39886182603352,0.0448294144606602,12.754102692138666,0.0161494406497293,26.44103709934219
0.9525222365283296,0.941617901753924,30.387293349017927,0.0240243518112454,17.905278093238397,0.0332170264383604,60.80197905819785
0.9828634439898858,1.1595517938416076,25.18717396476502,0.0151275502225114,15.60588696037088,0.0448500135599678,114.5404759082618
0.476337939857045,0.8127864022631879,31.12288453650897,0.0339998735886573,17.911506827149037,0.0439201951652364,57.393251681147305
1.4862165989125136,1.4523909631696692,25.30585994970457,0.0313909898546893,11.21433663339242,0.0447196831870723,119.12705601189492
0.757622529831744,0.3420927547787206,25.112870497525144,0.0155142820747944,17.684396854050885,0.0245607359328393,28.11506028957233
0.8874326199283348,1.4539858560434604,25.19520302358784,0.0198435794652455,10.09877981205086,0.0271348227978592,123.9727035371737
0.2514528675184995,0.2863588127954311,31.79432254166491,0.0364230546799657,17.230388812789904,0.0369979925181946,89.60176094947072
1.3039678302150657,1.0137500805969983,32.89875077465669,0.0158969547053249,15.014213754180716,0.0244245219953931,92.77547903090225
1.4885246239620589,1.0652003726443269,35.05697767221916,0.0316297270894367,17.939492698226108,0.0411879217875581,122.22533687325011
0.8536837678532792,0.9145088776655002,39.244936408960456,0.0296430310326719,11.610297957721656,0.0317954511908176,31.28493015202833
0.6068849152416896,0.8944519191898751,34.47126608695697,0.0155298057256043,17.94327797018309,0.0246907057711602,26.45362253851742
0.9402588076645754,0.327192181100701,34.726924807234624,0.0447744986217075,17.89563621376459,0.0200043262978008,121.4077898573842
0.3061512969964283,0.5193074209657931,27.87966135348137,0.0362776141652792,15.404933167719946,0.0223584771503244,106.4293764289742
0.3819759019052997,1.482461882367614,30.63105395726728,0.0248970534270672,15.9257744850609,0.0313408195391081,90.30717998208024
1.4789458705471192,0.62778504775365,28.494016924122544,0.0273264833718705,11.284390777672613,0.0172878828203919,70.44098520883884
0.5165034631755534,1.1289398817965413,34.14685994651616,0.024565337712662,10.936490507553303,0.0307893219785378,101.0468683797862
0.3345520666288815,1.490837337614172,25.247573007939515,0.0337127644635112,17.89474645875171,0.027377156858248,71.65438985486819
1.1848664207443376,1.2488676287898122,39.88487971192044,0.0392645235191875,10.233938819709632,0.0290385450820072,124.9672453127661
0.2638183481607891,0.6975202786911114,27.37150737555025,0.0265948345468826,12.529876018793733,0.0320049058914449,75.0587671981296
1.4973097515014755,1.1530037790305123,25.096182078405583,0.0249793453574121,17.259693912307,0.0446368782215242,81.76941712925162
1.1350002619963182,0.7025837972317364,30.114454752133923,0.0160658994325102,10.024688012133968,0.0156810876449876,29.82050812099556
1.0190126559599717,0.5025460090786076,35.41679295156602,0.036741148892602,14.880162481826195,0.0164351162008508,88.40106018018398
0.4145527017935378,0.276728852073717,31.82510240527481,0.0152344791436526,14.760982617784144,0.0378311184026899,53.12783353878072
0.7525057264556486,0.2888181250946405,28.858099775480117,0.031479286680661,10.737725414741156,0.0151387797459542,124.68654354385264
1.015710255673725,0.8598325416757168,37.96969461540719,0.031411631063113,17.94632303240099,0.0348827329848487,28.958293993160844
0.2831922588448134,0.4836198231540123,27.94743446378414,0.0448772884002341,17.984838409541204,0.0150045652032832,67.36236485712146
0.8361074361578915,0.2797438348726176,34.35203209623275,0.017858112314684,10.058553513735037,0.0435691313032223,115.2409696901589
1.207772409969193,0.5897352762338783,39.502068348175655,0.0338119271702248,12.460836805600335,0.0374284044133045,124.13524368957778
1.4741724362997313,1.477660225687848,31.36906408183541,0.0427429176286998,10.00841074345364,0.0315452668130327,89.67722830737821
0.9644056520575848,1.4893082583929564,39.88513306357656,0.0241581890658028,14.753951548142908,0.03381156165857,123.85632049953404
0.8052492888741057,0.4350318273101149,25.17205836698708,0.0446299829277829,11.7541371130365,0.0340448315538256,70.02833369845817
0.5753146104729174,0.2610728225505014,38.685752979189445,0.0360137700462384,17.55153904523136,0.0361870297498643,92.28371906298273
1.448774015422718,0.265957232504884,31.445832662024536,0.0341998269989059,11.657035439095427,0.0177878335757435,124.71642734252764
0.2838611972713365,1.411259220247618,25.130827418666662,0.0193012658283323,14.825694720047387,0.0366369406869062,30.100061967488976
0.8851757803015252,0.8931091574443479,35.73553151767671,0.0154132677670261,10.769314007985866,0.0445407754602792,54.20679497943152
1.2928307661626142,1.4387277149167084,25.00930480235113,0.0154648593515787,12.699356793239428,0.0382906677444191,108.49305172081807
0.8245928958089902,0.9799252496183152,25.176059868288547,0.0441061708231071,10.060086467449691,0.0178912723445618,100.47185031557817
1.4776407668266738,0.6098202698717012,39.83019205782685,0.0307508121755451,16.56713615154418,0.0448552487180982,64.62326115630037
1.3449088828870297,0.5763432596574494,32.81752706062526,0.0335611226373339,14.573487601711063,0.0391091451950488,26.87752879673677
1.4711136974114205,0.8473879742816843,29.43612543506321,0.0226785972729348,17.92895205919874,0.0230387802045673,25.723877970172847
0.4247697542430426,0.3274342732960581,39.69099793553849,0.015378263600944,15.43897535675891,0.0239969018293095,118.76880156220643
1.0328598092621375,0.6424919214085216,37.21124857036784,0.0156042501882636,17.516139182673882,0.0352008427924901,25.733402388386573
1.15188149669725,1.454736891833988,32.88065155055158,0.0151656079018844,10.290778018506362,0.015860350093948,124.27015985776184
1.492387265480482,0.2553007142493909,37.12727345402454,0.0448901146679311,13.685820061616486,0.0292150259134455,77.98305872259617
1.3342192527922463,0.2684076182686148,25.1002847886288,0.0287389868851947,10.083048286319965,0.0150505086218162,30.73275625443401
0.3432195247833431,1.4985196995617835,25.05737841466581,0.0305474932382271,17.986750060226157,0.0173480846980488,28.08051137226317
0.2643200248344011,0.9887269164570872,28.94337811365932,0.0418267434698697,15.785477082559051,0.0427691512250959,124.43849406078904
0.5664617285264759,0.5577136991940187,29.39175855246932,0.038016008601095,11.72673883281406,0.018801131531841,57.76839489776469
1.4878266596694558,1.4891012395425296,39.67796985347459,0.0157561478111167,17.062731649825594,0.0300418537311257,116.77597699654414
1.0826265218136384,0.662346404425584,29.84161246834518,0.02326704940743,12.448227995082462,0.0448300777405384,100.90065124873372
0.2558285566753803,0.7683053845047612,37.013360586807416,0.0433945353286941,13.167013192194489,0.0224322930502108,30.20768034546645
1.2788739270038831,0.7187822643321077,39.60327342752909,0.0248851899929499,15.467256029497804,0.0346927261883355,85.81946794936209
0.8504702347917829,0.2768832515982914,36.62520231784035,0.015925599011063,17.36277324130979,0.0371346235723642,122.44973965265856
0.566313766989397,1.037681002846409,28.51423559466413,0.0449142258716239,17.426744240549816,0.0363931646500322,25.78711675506432
0.7974340507134273,1.1163661315897928,25.121174595438365,0.0346176878319461,15.45014595210258,0.0347623990493582,53.000439472079954
0.2925206723888974,0.2653047685684758,29.66451524472236,0.0219048635610122,10.373810616926464,0.0447267621368385,80.16154731695497
1.061485553100969,1.0528572319304972,34.947376349622004,0.0154447217611327,17.750740698822984,0.044112321851819,57.71974330282035
0.6663057382546786,1.164082254207882,31.19010156445824,0.0252201271757805,17.70443391899911,0.0215051296189637,82.2889937889021
0.2543835389083207,1.4983133233291577,37.70124560346938,0.0160641419854117,15.027760960915089,0.0448210110021555,71.59843793995563
1.4617315768410262,1.4805918441630568,25.087844250305857,0.0240618352915259,15.231498789780211,0.0225391292102579,113.81593697511522
0.8278779189041652,1.488744497785496,34.54223633573756,0.016917905032903,11.292473391944675,0.0447789735004007,124.70679454515488
0.2641602439950001,1.4253355747224972,26.76032185789797,0.0449420246715605,17.628316915883875,0.0448657929592104,78.27879267590552
0.7184041578271013,0.9376050171943948,31.464092004597823,0.0230460141316199,10.040621711447963,0.04489416061709,25.759244172364603
1.472873887351545,0.7792208677125843,25.26131350426304,0.0448243667389136,14.15985740567171,0.029607216994232,26.09181573154532
0.8303417277727242,1.4685137103466943,25.00824908532869,0.0442769999616033,13.023600433528488,0.01538403312896,28.65995191349836
0.330162146987084,0.2982783671524524,29.528076317667217,0.0348434093027726,10.607781043325836,0.0443138508443598,28.15325528471838
1.0195804405329283,0.3952758483311566,39.97834396847236,0.0448056564508578,10.213733304313102,0.0433116992787849,113.26190258731664
0.2504914634088149,0.669066705339918,26.11099165917682,0.015344896315013,11.056889353154006,0.0399720045901394,86.48031832351364
0.5573540465020695,0.7319194751606879,25.279430912521093,0.0150407697416568,17.235342999586216,0.0255865985759444,110.15879230153172
1.0817998584264918,0.2739868977956304,25.08925568056218,0.0248900776716731,15.165629471420043,0.034734718604472,27.99126527829158
1.1104786038774734,0.4413035887791587,29.92266469509036,0.0210228162206127,17.988400589638964,0.0174009973195659,120.98465338697284
1.243674342331035,1.0233683112938312,34.44490859802508,0.0335963065910739,10.128903429001324,0.0383921780011063,92.64231717825008
0.4638885100760881,1.4796401512482962,33.10373124626663,0.0448745017628582,11.042964858572066,0.0446126175008164,44.06129233302627
0.6959647712489534,1.2750557568376064,39.90016167157329,0.043695269980106,13.504499674590114,0.03961057681538,87.13242646933554
1.499182756650611,1.3477763190653758,34.67029608303922,0.0391249631047536,15.0185176725872,0.0302950994395177,121.070760396833
0.4714907405511132,1.2004074656885244,30.88703305336596,0.0247008548341442,13.932420894633069,0.044502979690506,25.7628092912342
0.2544075901444189,0.6411770797054347,33.3703444018237,0.0159474276503406,10.10660216044752,0.0415379507704986,26.05121400740509
0.7166877395619831,0.5843719219789275,39.76535047456722,0.0449852987134292,16.2079463442225,0.0446249220756423,87.73573108647614
0.4883760731368625,0.7560917742160522,39.24133994201672,0.0313458386936426,17.666780838580678,0.0274848174866918,71.633541981751
0.2556661031331692,1.1711773609156493,33.56910236601328,0.0304376671885605,10.061923996492997,0.0204764103014169,26.959997291793396
1.1818617816732684,0.6336817970469375,31.099530585930214,0.0167064782424138,17.94023758395877,0.0315118572026321,92.0226311696204
0.7614693749672955,0.9054991327233772,39.43032102277165,0.0279902695914634,10.062575068766986,0.0447409626237448,89.10541968451601
0.8264537599464638,0.4338058039641326,25.32035156855988,0.0204604184736951,14.26587164739762,0.0306589416792872,124.9405874705227
1.4941136367336187,0.984693603129331,39.39093418982187,0.0441496264021014,17.832234678224573,0.0449446841462724,80.57147331815868
0.773543106051113,1.0771872408799807,35.32457979873283,0.0426710837695244,12.9865034786476,0.0208174853773644,116.69368017250515
0.664419555185563,1.4480886465244374,25.011385871205928,0.0275677811022329,10.386325818628409,0.0441766048636128,58.48660948165657
1.4950894093642737,0.8075361289542252,34.96860426597957,0.0158746877007745,11.907787735352956,0.0376838559023506,47.02621227099056
0.298079310935684,0.6241191172105554,33.420476964899,0.0170053547269985,12.16878434844,0.0327672906804561,95.0240287531997
0.4805934903877074,0.704358190386776,35.585798841135,0.0438660404781358,17.84946249513103,0.0171002581309667,65.38859834097906
0.2629662618399216,0.6650374052539143,30.53703554772242,0.0352228013367758,10.938579868895008,0.0242430296950328,93.76602289777053
1.4720157924823,0.2560220674790855,25.044024854206285,0.0188016801294258,15.377203609236863,0.0365188496698394,85.55589702348064
0.8996124209537109,1.3565018982125494,25.81548337059393,0.0448765500920771,17.903247455535105,0.0424913488825005,123.40693367732744
0.6199564058034354,1.3446731123635651,25.047119368329305,0.0447500924732164,17.358146617761392,0.0152376750732125,26.9885052455756
1.4674388210316716,0.7103891150996409,29.55867837191988,0.0447418984044408,10.925648617596156,0.0214106690648403,121.1117279250618
0.5646735792490711,1.2208277070194835,36.49830540729636,0.0223421382451597,15.702166520209808,0.0283197958314038,124.20319547309286
1.245057725964264,0.3321097050754714,39.65996851820525,0.0337599008180363,10.236335111244092,0.0150610015009302,91.72514203296522
0.771863501901648,0.2521284138623418,30.5231371138872,0.0421350474970748,17.856294740301216,0.0324863650196995,124.94089677467628
1.4488431913948552,1.353032968164354,35.64277870333196,0.0277172687426955,17.856695633234008,0.0159803466270349,57.175282513714286
0.6921172669970925,1.4310355589097088,35.62933620433283,0.0355950738510354,12.769931333137825,0.0243013264099024,25.31986516418915
1.4866259285008594,0.2742402315785009,37.22684668952323,0.0445299869208999,17.22738223902864,0.0387311694381935,25.47600924890124
0.3050749704834502,0.9331934211687204,39.67850816157241,0.0162484009583825,14.944478279768656,0.0158156610827797,29.13767822028585
0.4702919050474934,1.4896257043666912,26.648254304618145,0.0392150003839954,13.853381202136088,0.0269869336000827,113.38856450477368
1.068000132240421,1.172238292820397,35.06126878797582,0.0218068585369955,14.050099542354053,0.0253349671935454,41.9518933516102
1.4115587236524016,0.4916283108742381,35.70633728489674,0.0342629064554032,11.689063961990607,0.0448179258585727,74.80289372306498
1.0648488442852222,1.4770134878828938,29.557753325166505,0.0446839363232956,10.01749315451309,0.0430186309985878,124.7241736978022
0.2658268717536525,0.3395811388562484,25.629661283421296,0.0164967698849305,10.095833641978505,0.0174550111178815,79.26440325160289
1.492918819780367,0.6638935944709756,35.7932169534913,0.0443521256266504,13.69281341103864,0.0397125855460392,102.25642804719644
0.4289993849626047,0.64523552981371,37.81488532500934,0.0159947862467649,11.488412714482209,0.015402292343953,63.23742883101667
1.2370572899681749,0.5119677082986698,31.456077990179324,0.044909519455092,10.07890033363141,0.0153152910230872,67.43453662040451
0.546501547921417,0.6320534293667383,33.543267828583566,0.0152448056708419,12.891302519525542,0.0293514612175994,30.32478564183022
0.8663336072401395,1.4133331269816147,28.509519653424174,0.0441479606386605,14.673226111053877,0.0347015093338253,124.9038426571678
1.1903865820628248,0.5372586170124407,36.93179258595445,0.0157488354116541,12.59465471726796,0.0257437605481749,57.288193388453855
0.980492528928941,0.855178152636528,28.991406461935107,0.0447249871585172,10.072276822871832,0.0432120446548999,119.69089397624334
0.6281291049011979,1.187476041776498,35.89809711721062,0.0257126008761478,17.986773592962436,0.0152261616156838,39.14587660376222
0.4135205251754918,0.9744165076584226,27.50069589847576,0.0288114361844497,11.372988097528172,0.0150106349271955,124.71282743350288
0.98034117223931,1.4931013909428974,31.35064039363905,0.040551162437508,17.91767343832192,0.0239261025488021,45.32841637762648
1.0756288165855088,0.7858471861706859,25.62619788987263,0.0150601975224538,15.884593583425616,0.0277681886915535,26.390453894459085
1.1067609442887063,0.4134784206464598,31.96343134049609,0.0151090853396443,15.416097306072604,0.0166325227964026,84.20350807203786
0.3086916308391227,0.9274989080493152,34.14531405473274,0.0439122879036657,12.715891914885384,0.0235364603002677,78.74149824751797
1.4876830670968917,1.4840290101173217,29.238596182788434,0.0168076848584895,15.436629961711745,0.0418275833464566,59.806623333869226
1.2235694252547482,0.6161777640293715,25.309999841811983,0.0341337359773949,15.138819445236727,0.044323170096454,52.37135169942291
0.9022583838694992,0.929963723005219,29.9220402520666,0.0150497199989302,10.299268831154585,0.0293275869719693,28.286073693918013
1.49768540964979,1.249071574024745,29.39567194043993,0.044893164665902,17.977856035202954,0.0153162083972655,77.37990844974604
0.4907475544979552,1.4801030624214806,39.30772417995463,0.0447484466797602,12.627757902912148,0.0439744692427672,27.238633946665725
1.4887905902309453,1.4453948860491863,25.00186188751445,0.0441322333240212,17.765339389920403,0.0303267157685084,122.74574093669382
1.4553566723128424,1.1654678597201076,31.79122645616872,0.0308794465269178,10.68979575493797,0.0180978168012667,122.6819064160469
0.258796197422965,0.2819785175946915,37.402312940529946,0.0151100500713645,10.235452368190757,0.0436337113570843,62.81514547839844
0.8657831958304576,0.3086647807631784,29.958688024616848,0.0185823917362769,17.9639486504571,0.0449408718883536,76.01426730423515
1.1080533619219075,0.2858692519373313,30.01993752427116,0.0287265104006525,10.8179185650827,0.0381869564106908,58.96631891433534
1.4597986653280368,1.4995107869706346,39.36446257482689,0.0293186564392883,17.856714767715275,0.0437108502500342,27.2003558286774
1.4913080917661987,1.4854155387821089,29.604132709195223,0.0200320753023761,10.14905473764012,0.0439013029245554,112.23644545690934
1.0824295580217766,1.4772998771011183,33.812511908704664,0.0182419009499803,16.707335257914224,0.0262541191855729,122.91551084943308
0.7436535616787694,0.3174017637754814,30.018581330289106,0.0293522559484993,17.915352140605915,0.0314035322184439,60.29923503119976
1.487064311687642,1.34938135653243,35.117798249041506,0.044445530851848,17.388000049366532,0.0281870175845785,25.713759423270176
0.5968346080066096,0.7903622069483581,38.59650176271264,0.0351696807886606,17.720299435023716,0.0443053665972449,122.61852374468764
0.8947074861927764,1.3003086918884157,31.974586826949142,0.0382510916705678,17.99953637102098,0.0441912871921731,26.26657212315032
0.6534866588408892,1.4853516551690036,33.896879526802245,0.0156672493269855,17.279000211054505,0.0159595575275427,107.44252479712206
0.3155480654801216,0.363462796211918,39.52885625732962,0.0300667633510625,17.023427544912625,0.0370972161940069,25.6157170768188
0.3350482172798261,0.6973839176838574,39.01554779306268,0.044681106781002,10.594789158987982,0.0153162417606577,61.28386124762824
0.9958133792252108,1.0065467214620962,30.63285582630277,0.0354947010460491,17.94075086380589,0.0305575003177114,90.15763086261474
0.7120798079640422,0.793211352966271,31.101373978976312,0.0180460016104679,13.532218767123297,0.0241044010954918,116.80409938925644
1.3660182024735466,1.2102854410333186,36.82933943851422,0.0153198688766207,10.1334092937812,0.015617382116022,26.232325332705987
1.4794680539654956,0.3078169188417705,28.346037864798657,0.0351660391243733,15.333058128581124,0.0275902605820533,25.680488279546086
0.7331816150655972,0.5965631651469394,25.270562453664414,0.0420030976301397,16.097058117840092,0.0341215587834134,104.62104957388344
1.10343842188623,0.2722517467812649,26.37302792020765,0.0153630357322642,17.847790247295393,0.0438287729481856,38.63881929814024
1.4628125579617386,0.2598654968815969,39.99891158217625,0.0230213380539532,10.242582525978968,0.0185437659423496,122.91793880814944
1.0743935269966314,1.4421861035227606,39.86096924182242,0.0211720143461419,10.03855319152908,0.0332708018297397,102.39772129237844
1.489317762291567,0.2617761194021443,36.05890757491744,0.038191417658983,10.315768277444896,0.0341211816615619,123.6840834561147
1.282456279878732,0.5896656641806617,30.37310413653628,0.0444519784815889,16.308836577267073,0.0156940425112304,34.34954361784453
0.2946859425890551,1.0562842240138854,31.10330570031652,0.0150769980662783,17.925572041419542,0.031396547812218,91.85693309051518
0.537593886610449,1.204312668179649,38.36970375910121,0.0190505046140368,10.203392840304767,0.0324788424508081,27.157532905129965
1.3846158744027333,1.0851104989615927,25.20330543652181,0.0279116899368869,11.754325555767078,0.0352222007239117,77.821736860987
1.450935177930088,0.2732354677568132,25.373830336112363,0.0394281443358588,17.990712133265816,0.0150224528123206,43.71632018043334
0.3161628852578282,0.2907767062945203,37.44676491377372,0.0446760496716972,17.901197852341767,0.0323321332745745,62.14689411530136
1.4769865828850326,1.4293835775501975,29.178693990626428,0.0272139773728042,17.961042851232428,0.0334807425562946,59.25094074468952
1.4692703263141529,0.276494236969487,36.95880571403073,0.0317462744517669,17.96279908747709,0.0151582607714737,68.06810180883731
1.4835879419556663,0.6984687078909453,30.253776363060087,0.0441414782127898,15.188539827614544,0.0353841950072264,74.42579467147641
0.2513342131959326,0.6652550634879836,35.022362185885115,0.0170867587678282,17.104168146850835,0.0369613628311355,57.419012287473535
0.2775283279735238,0.3557304218596672,34.914351112142185,0.041988262932219,13.97521910088938,0.0449933967727897,124.89048341454124
0.7485163865949577,1.0295595909377395,25.50037856449641,0.0444927358279043,17.84567465166936,0.0151871744454262,96.03911160139238
0.4046764685825812,0.6981251455624989,27.09245496059982,0.029608595994023,16.32591540817481,0.0228119298691936,28.47693711167428
0.4403975512567006,0.4020930769479479,27.45973458117726,0.0363054382929232,10.171605532586335,0.0336050930328159,123.87889397277245
0.546646100511154,0.2689639531367205,39.85607890126758,0.0427301889008556,13.030634393178625,0.0290030543084705,122.54638210745912
0.2929231351302604,0.2564600582305542,31.80476220752975,0.0163671983219756,17.86453291517331,0.0387242105383119,25.379263372477435
1.482841445784527,0.7898079499864356,38.80827966529925,0.0354054382593033,10.05651675865174,0.0162086654711115,66.12391236671851
0.8771971376186679,1.4677907082250483,39.19163305248691,0.0442323998019311,10.355015373882642,0.0252882099660652,39.17439225929133
1.0743979003790194,0.2524140979485683,36.7172144814501,0.0312429731847173,14.38716566779238,0.0442925135853533,55.64127496492978
1.125761719779114,0.519053140844096,32.39615416616095,0.0317270794144673,12.135729325554587,0.0260941166260161,80.16932988783083
0.4084240460434322,0.2549892789614875,31.96577831439185,0.0337073564762417,17.722209306628702,0.0250026516367689,122.98826388792476
0.315468632022841,0.8609365649317939,33.204749608209944,0.0291126900452365,14.326586215522806,0.0434152322647847,109.19468434433742
