E;mu;ro;k;c;a;mesh_size;L;b;h;t_frontal;t_posterior;t_origen;t_final;t_centro_sup;t_centro_inf;t_lat_sup;t_lat_inf;n_nervios_long;t_nervios_long;n_nervios_transv;t_nervios_transv;prctg_ventana_horizontal;prctg_ventana_vertical;diam_ventana;diam_agujero;L_apoyo;T_amb;h_conv;F;Q
125043340702,54117;0,31446250990033153;7790,183423878625;46,80692921206355;424,6210135258734;1,2426867490820586e-05;0,06000000224731557;10,681275552464648;1,4213206715509297;1,437153270933777;0,06098514372110367;0,05792719058319926;0,059955126989632845;0,06281276244297623;0,04057792220264673;0,03966426947712898;0,24037556553259493;0,22766457852348684;3;0,04345241989940404;17;0,03176143009029329;0,7708252762258053;0,7785567083396018;0,3020857779867947;0,5927375414595009;1,0197161912918091;21,17908881213516;10,452039685100317;10058,797178789973;94,36183221638203
114772182959,1319;0,27173308085650205;6704,59109689109;44,77099455334246;492,97616371512413;1,1681018632806837e-05;0,06000000895831913;12,047944909427315;1,3953512479923667;1,575307470280677;0,056759997099637985;0,060485915645957;0,06508426997065545;0,05920985305309296;0,036607519671320914;0,041113771587610246;0,21729084480926394;0,19843798054382206;2;0,036622304677963256;18;0,029906282985582948;0,853350970055908;0,9151576531864702;0,29324247334152465;0,6497740032523871;0,943922926299274;19,501560326479375;9,535674570128322;9507,210906594992;106,59821407869458
120648929174,05814;0,3282603492960334;7372,281180555001;47,80125031247735;481,0796749256551;1,0916314995132386e-05;0,06000000327509819;12,422471344051884;1,3451111760437489;1,561678868997842;0,058451464869081975;0,06391733126342297;0,05663300154358149;0,0657425163500011;0,03814739150553941;0,03710632536560297;0,206117113661021;0,23290960413217543;2;0,040174136362969876;18;0,027380738396197556;0,8189068618044257;0,834793542381376;0,32857958564534784;0,6068176245689393;1,0529344029724599;20,193998689949513;10,651927204802632;9045,684043318033;96,65433814749122
131666595605,20203;0,2855307769775391;7009,212090214714;40,701026083901525;458,88771868497133;1,2001159659095107e-05;0,06000000558755075;11,480583727825433;1,5137696260102094;1,4235177495516838;0,06530046815425158;0,054470918040722606;0,06203168724104762;0,05595192407816649;0,042178950205445286;0,0436722041144967;0,22714002675190567;0,2153647996932268;3;0,03975016242265701;19;0,030916392087936402;0,9121552004851401;0,8813332711718976;0,2742739249393344;0,5494442491605879;0,9771659320220352;22,585228215157986;9,361291587352753;10521,060293540359;104,26183979958296
135136621003,03918;0,3212742961384356;6831,3460709527135;42,39721485693008;439,19945472851396;1,2732457284361123e-05;0,060000004718149584;12,691230775555596;1,3035911816097796;1,633322086930275;0,05994523855671287;0,05645308570191264;0,05529332152381539;0,05762003939598799;0,04309418857097626;0,04218265435844659;0,22217879451438785;0,21064779695495964;2;0,04270519193261862;17;0,032334627851843836;0,8403996680118143;0,8641968285478652;0,279066224321723;0,6277028978615999;1,0871576808393002;19,000511038675903;10,23006422817707;10315,429493784904;99,49970310553908
123532656463,7944;0,29251934839412574;7923,98385675624;49,497647191397846;460,1142479479313;1,1354827220007778e-05;0,06000000640958852;11,28583461632952;1,5619031639248133;1,4951357122510671;0,063805959161371;0,06514729164540768;0,060418081864714625;0,06141209615394473;0,03906409283727407;0,036601316310465336;0,1997386281527579;0,2377904082648456;3;0,03734414499998093;18;0,02898591724410653;0,935764618627727;0,8183581701852382;0,3181370518170297;0,5558056453987956;0,961364414356649;21,66243755556643;9,751897202804685;9868,80843527615;102,04879488795996
117656319658,27197;0,3074725657515228;7232,2546899318695;43,074735020287335;494,9422998689115;1,0654217341065406e-05;0,06000000072623395;10,908726390218362;1,4670062756054103;1,3678516376763583;0,06249136862531304;0,062438133761286735;0,05834584703296423;0,05454979187250137;0,03768099167943;0,04062487581372261;0,21262775367870929;0,20591841822862625;3;0,04192093732208013;18;0,028324717501178383;0,7930322158895433;0,9203450906835495;0,2905590909719467;0,5723796159401536;1,0417565062642098;22,08418297190219;10,936417682096362;9328,176209703088;92,13885061442852
128512958926,14871;0,27871776128187775;7591,043987777084;45,11060312669724;428,1794701293111;1,227928079868853e-05;0,060000008058213;11,894504391681403;1,3519466731324792;1,506035491079092;0,05525450182333588;0,059137478213757276;0,06374012720212341;0,06415416574850678;0,04164895092695951;0,03815958300232887;0,23438107044622303;0,22000423665344715;2;0,03802874910831451;19;0,030366455962881445;0,8762682273983955;0,7844465788267553;0,3141693943552673;0,6448774538934231;0,9159880368039012;20,677367499656974;9,082522939890623;10854,837246239185;109,43398566916585
131098848651,16328;0,3257773730903864;7153,055606782436;48,654642074368894;488,2982616946101;1,1747416047528387e-05;0,06000000381609839;12,9163696159143;1,2907942761294544;1,3950627895072103;0,05443497635051608;0,05771098381653428;0,061069282930344346;0,05530314491316676;0,03892002000659704;0,042835559137165545;0,20821702671051026;0,2195689972229302;2;0,040669627360999584;17;0,028795184472575786;0,7985103267244995;0,8524128025770187;0,32230690760537983;0,5909272779151797;0,9361225780099631;21,894174886308612;9,961583396419883;9486,841147765517;98,24678497388959
116530700516,88701;0,290430756546557;7510,7605948112905;42,11465349141508;417,21410862728953;1,1028266992509365e-05;0,0600000073993032;11,354427846893667;1,5303162204399705;1,552047068439424;0,06181109360978007;0,06106364131718874;0,054267288006842135;0,06341770418733358;0,04289042204618454;0,0363859027698636;0,2306142061278224;0,23433703011646867;3;0,03928103855252266;18;0,03290038352273405;0,8931666504591703;0,8089581505954265;0,28239425227046017;0,6553336802870036;1,0118914293125272;19,306078371964393;10,049613762646914;10947,087828069925;100,79553313553333
123188669537,19408;0,3095773296430707;6729,8445688560605;45,95800337847322;451,9531940072775;1,1499835902914405e-05;0,0600000004660807;11,142892555939033;1,4807651748992503;1,6037613926455379;0,06312695019319654;0,06372592384368181;0,06384062138199806;0,05837334648147226;0,04036644988507032;0,04039383739233017;0,23697778844088316;0,2026367754265666;3;0,04395375513285398;18;0,030550883397459986;0,8348145665414631;0,9310936548933386;0,3108358736895025;0,6087597240507603;0,9912161458283664;20,781956353783606;9,138522662222385;10469,195898622274;90,89573603123426
136940881493,50137;0,2742305698245764;7820,690382737666;43,3529012510553;477,1886089928448;1,2465989134520293e-05;0,06000000840633261;11,954034438729286;1,3825542041808367;1,446783890761435;0,05912404658272863;0,05507346594706178;0,057120646286755804;0,06067558899521828;0,036334891647100444;0,03882811290025711;0,2152674166560173;0,22909734404832124;2;0,036096555560827255;19;0,02776526716724038;0,9187482239678502;0,7976890663430095;0,28639839179813864;0,5437527361884713;1,06700903121382;22,525101828575135;10,85130406357348;9964,004455134273;108,19060435518622
133770302380,43517;0,30247019754722715;7293,394702905789;43,924298180267215;467,610272757709;1,2025537130363285e-05;0,06000000128691803;10,740958040440454;1,4529076065719129;1,535075398441404;0,06462145771086217;0,05590874249115586;0,06535878294333816;0,06501411125063897;0,0373765929788351;0,039317028701305386;0,20922592597454787;0,22420040901377797;3;0,041422760836780065;17;0,02934703900292516;0,8134177834168076;0,7693022790551186;0,2965773677453399;0,6183944814652205;0,9691892061382532;19,856346370652318;9,74792423285544;9137,01195269823;93,106510899961
120213000592,77563;0,28133243730291724;6928,622141620144;46,52919206768274;443,9664766602218;1,0766169299148022e-05;0,06000000985058682;12,281958634220064;1,4081481450088322;1,3780680770985783;0,057630274280905724;0,06530315376073123;0,058555312000215055;0,056710404250770806;0,04140668825060129;0,04189852100610733;0,23235363364219666;0,20734839338436722;2;0,03850251170992851;18;0,0319456969499588;0,8952458581514656;0,903409311324358;0,30624876732006673;0,5688635038957001;1,0949580589309336;21,328794853761792;10,27317612618208;10678,816864266992;105,34262543544173
113555388082,75014;0,3186741319857538;7688,286865176633;41,543327456340194;431,981372281909;1,1173644538141786e-05;0,06000000291723084;12,491485881665723;1,314503636531532;1,4660948398523033;0,05594047024101019;0,06191861278563738;0,06250548188388348;0,06208431138843298;0,04383645077049732;0,037875449664890766;0,22428003066778182;0,2419920250698924;2;0,04220117121189833;18;0,03148194212280214;0,7764214257150889;0,8478959327563643;0,2701054437831044;0,5818198682740331;0,9019133906811476;23,075365860946476;9,414727840572596;10155,022667720914;95,4087439365685
127927916753,10582;0,2975365150161088;6601,6987293493;48,083382457494736;501,78766076639295;1,2771578993551432e-05;0,060000005876980615;11,705301261134446;1,50001071825251;1,6231042533181608;0,06030487018078566;0,05931813967600465;0,05578405365720391;0,059968287628144025;0,03986849201470613;0,04334058821946382;0,20321417259424926;0,2120724743679166;3;0,03787453284859657;19;0,027190165484324097;0,8703783751837909;0,892051644437015;0,32525384696200493;0,6316877594590188;1,0277062745764853;20,216556333191694;10,56522667966783;9662,02299296856;103,01590256392956
126724481303,24483;0,3160717308707535;7448,346017068252;42,88794300891459;457,07804327085614;1,0797903585314751e-05;0,06000000910988712;12,615586635563524;1,5438654069826008;1,486399251781404;0,060675335459411145;0,0566714193597436;0,0632522398084402;0,0573132208250463;0,04254605347663164;0,03977355815470218;0,20469823003187776;0,2013537161909044;2;0,043117230691015716;18;0,028158597819507122;0,8639442905224859;0,8983492205850779;0,29578010715544223;0,5747158588841558;1,0472037374973298;20,443552773445845;10,108896233141422;10697,878587991;99,02569353580475
113145981030,53868;0,2995921746455133;7091,040493408218;45,35015417262912;477,81314830482006;1,2139125388637185e-05;0,06000000210627675;11,655194088770077;1,2861796137951316;1,6482106061652302;0,055572745822370054;0,0645658377148211;0,05803667059913278;0,06100987965613604;0,03851463247835636;0,041442052498459815;0,225548405777663;0,230586020629853;3;0,03694769684970379;17;0,03014732190594077;0,7771981522068381;0,7614393603615462;0,3014520375989378;0,6377965763211251;0,9229966236278415;22,842986425012352;9,880763480439782;9236,296525225043;101,26181805506349
119009756157,17471;0,3004006617330015;7849,256018875167;42,72030541487038;489,102841001004;1,287604726615548e-05;0,06000000513322917;10,837528661359102;1,3699789772331714;1,5124318504706025;0,05726273868978023;0,06265647879615427;0,06010561525449157;0,05400846816971898;0,03624029443413019;0,03746561213582754;0,24188107378408313;0,2179425232708454;3;0,040254992343485355;19;0,03249534574337304;0,9058737134002148;0,8872446395643055;0,27677535608410836;0,6243852096050978;1,0801472790539266;21,428642613999546;10,807570656761527;9711,251033470035;91,36698005720973
133360705059,02171;0,28392124878242614;6758,099241601303;49,1217975653708;422,1603217050433;1,1214571356102824e-05;0,06000000373842067;12,259417452989146;1,4844210575707257;1,3506134329363704;0,0649921118170023;0,05855601290613413;0,0548080033287406;0,06389281024038793;0,04021080319583416;0,04375048693269491;0,2189677056707442;0,2354816212505102;2;0,039679103597998616;18;0,029187015948817133;0,8084048859775066;0,8403079545684159;0,32792426241561773;0,5618757807835937;0,9559161311015487;19,759318254701792;9,203702677041292;10221,699368208647;108,97416684776545
136531653348,35648;0,3084111895412207;6945,899838488549;47,44319229852408;429,9213893301785;1,106915748938173e-05;0,060000006580554835;11,046043994929642;1,4128190835453571;1,5937435026280582;0,05876822974160314;0,05847348330169916;0,061593060940504075;0,06260555179417134;0,041000551372766494;0,04226086565107107;0,21395884169265628;0,24037620454654096;3;0,04284894440323114;18;0,027605451626703144;0,9279838189482689;0,8124481643550098;0,31587000014260413;0,600746610313654;1,0584746204316617;22,359628137387336;10,323200080543756;10926,1858407408;94,82761157676578
121985031338,40858;0,27590637255460027;7310,275701060891;41,041496333666146;498,0968513339758;1,1851847999043763e-05;0,06000000455740845;11,976889418205246;1,439406029239297;1,4318999729119242;0,06348588554933668;0,06032613644376397;0,05636722682788968;0,05871974452212453;0,03703248595446348;0,03696053536981344;0,23553946733847259;0,21322788612172008;2;0,03721012865006924;17;0,03110037045367062;0,8312143570743501;0,8586810537986457;0,2794871770218015;0,5527610424533487;0,9842675050720573;20,94461054150015;9,656800573691726;9389,881484210491;107,37633127719164
116121663386,00218;0,3240861496701837;6527,998977992684;47,0288259414956;464,0995033197105;1,2579613722614944e-05;0,060000007584532423;12,791973062884063;1,4963072432987392;1,4074289708398282;0,06216984013840556;0,06446361247077584;0,06482178543135524;0,06530079770833254;0,03971261429786682;0,040953089013695716;0,2209342786706984;0,22292800238728522;2;0,0415237056389451;19;0,03156555579230189;0,8853622795268893;0,8012563954479992;0,31186613285914067;0,599819297902286;1,0126156702637674;19,275955985113978;10,530781829729676;9912,691354751587;97,43749067187309
129895020183,17581;0,2915811894088984;7614,8953115567565;44,566685621626675;441,72785752266645;1,1531606518901883e-05;0,06000000120922179;11,404794960236178;1,3270226042047144;1,5692701223306358;0,05407897068187594;0,05431115034967661;0,0595139314904809;0,05560267367586493;0,04374257238954305;0,03826880015432834;0,1986655026189983;0,20884789107739926;3;0,038416244789958;18;0,029763778544962406;0,8007217125035823;0,9374610546417534;0,29095845367759465;0,6474386552721262;0,9383845238015056;21,929680378362537;9,490119569003582;10404,111983254552;104,73234931007028
129654989624,39597;0,304890477899462;6631,02660337463;41,32584291044623;473,27074808627367;1,1321944673992693e-05;0,06000000691644739;10,968282168731093;1,3901851419322193;1,3784828958101571;0,054851718429476025;0,055690586999058725;0,05609267505258322;0,06456502263620496;0,036952132396399974;0,04272627716511487;0,23839398980140686;0,231411701310426;3;0,040776362188160414;18;0,031284786086529494;0,8798512740805745;0,8259436633065342;0,28364312689751386;0,580392751134932;0,9089219089597463;20,515996301919223;9,618928225710988;9753,98064777255;93,58297133818269
118029498960,82281;0,28079373417422177;7716,307966969907;48,283313571475446;449,4472624324262;1,2617724975101649e-05;0,060000004289949734;11,760919173480943;1,4354234558716417;1,5214778454042972;0,06289727053418756;0,06588479716703297;0,06299281423911453;0,05635671351850033;0,040983553856611246;0,03605763237923383;0,21685635667294265;0,21663863268867134;2;0,03916456951200962;17;0,027046013094484806;0,783790437746793;0,8690015092864632;0,3192125044204295;0,6358691547811032;1,0331534372642637;22,250937650352718;10,394214391708374;10311,78511492908;106,13203406333923
124674496147,78162;0,3192137439362705;7025,917382817715;44,28673404548317;415,35989502072334;1,217366947055608e-05;0,060000008566902976;12,704897046089172;1,5179791064597667;1,620342467073351;0,06421167224273086;0,06170044578239322;0,0590400866009295;0,061869822319597007;0,0422733032926917;0,0400345611423254;0,20671421121805908;0,22651076098531484;2;0,04360147602111101;19;0,029573033971711994;0,9335580413788557;0,7923064894229174;0,287610455788672;0,6188108564168215;0,9637408066540957;21,628214552812278;9,29367783293128;10772,343149408698;96,18304643779993
135509990574,79202;0,2951171434856951;7389,385937526822;46,184309667907655;484,9864953197539;1,0612143293641507e-05;0,06000000029498236;11,198174764262513;1,3319845053702593;1,4773541514761745;0,05954226633533836;0,05989979459345341;0,06567070595920087;0,059473830319941044;0,03830279403924942;0,03874983678758144;0,228940036714077;0,2000552280917764;3;0,03645856876671314;18;0,03213132326491177;0,8482198297791183;0,9254020123928784;0,30771933691576125;0,5637006632611156;1,0879475409165025;19,031913912110028;10,69420343451202;9294,639695435762;103,47817240282893
132040335098,2815;0,3271109747886658;7952,060231147334;45,63050050288439;505,8181997612119;1,1638979788765311e-05;0,06000000938712934;12,409100863896311;1,5478479718863964;1,541987895593047;0,06571789998561144;0,057164514496922496;0,057385511197149755;0,05476616994291544;0,039469985559582706;0,03923881076276302;0,22294625120609998;0,2047752541191876;2;0,04100746268779039;18;0,030712883027270436;0,9113736708275973;0,9087932508066296;0,304802323859185;0,6139216268062592;0,9983178351074458;22,816327164508404;9,840571803972125;9619,968893006444;97,77857381850481
121790375839,91885;0,28722334530204535;6859,730643080547;43,733128828927875;434,55435713753104;1,2321291366070508e-05;0,060000001741067045;11,567983647668735;1,3088135469444095;1,398969903588295;0,058036773897707464;0,06122323234006763;0,06427833787724375;0,06316362714394927;0,04343805146962404;0,04153929148614406;0,20205308294296265;0,22163230482116342;3;0,03892760498821735;17;0,027968013821169733;0,8253251502662897;0,7749925589933991;0,29992827504873276;0,5433354108408094;1,0725493649020792;19,965719760395586;10,17856777831912;10064,019083976746;100,01496506854892
115145731437,95132;0,31278381776064634;7528,847810393199;48,8370561003685;445,75367948412895;1,188639213772118e-05;0,06000000601819199;10,62199770528823;1,365017067603767;1,4591834507882595;0,05634549495577812;0,0631794659011066;0,05470756225660443;0,05807096819579601;0,041805072769522666;0,0375472260043025;0,21047312277555466;0,20916054674237966;3;0,042369825966656206;19;0,02862778305262327;0,858381035644561;0,875067515745759;0,3237706000171602;0,5867468204721809;0,9305842440575361;19,597307455167172;9,00958026945591;10601,72938555479;90,11013248935342
126184977637,60388;0,27289604499936104;7169,661813834682;41,879514729604125;470,80940628424287;1,088339723700285e-05;0,06000000276579786;12,181216338137165;1,4627491859458388;1,6022036779671907;0,06140276437997818;0,05523304559290409;0,0613308462202549;0,06028074251487851;0,037775114215910434;0,04323136442154646;0,23342944144457578;0,2390750623717904;2;0,037696082845330235;18;0,03267960151657462;0,7602035987749696;0,8313058420270681;0,2734342246502638;0,6567617478221656;1,0047909768298269;21,077958061918615;10,97233502753079;9081,530207768083;107,71766290068626
125957069220,02136;0,32963041914626956;6723,115542624146;44,619152563624084;425,9165796004236;1,0556009398199618e-05;0,06000000528769606;11,814084012946115;1,2815618148073555;1,4267089845612646;0,06396041341871023;0,06556131220981479;0,05404135572910309;0,05497685237601399;0,03957337617874145;0,03904929700493812;0,2358683498352766;0,22609352761879564;3;0,03669030230492353;18;0,02871051003970206;0,846306262910366;0,8803701960295438;0,31280111834406854;0,5785590584948659;1,0460212405771019;22,6534941053018;10,207536144182086;9876,622915267944;108,11927760019898
115524719748,64603;0,28610987612977623;7805,466694198549;47,22185086179525;497,16036722809076;1,2217393804781138e-05;0,060000003574264944;10,989094102289528;1,5395921204052865;1,5883693372830747;0,059793515793979166;0,056214502707123755;0,06091952266171575;0,06337266178429127;0,04360443242639303;0,04173320057988167;0,21362149892002344;0,20029906149581075;2;0,04336000350117683;19;0,03299675381742418;0,9295368010364472;0,8373384774476289;0,2918728618137539;0,6341837856173516;0,9218141244724393;20,122784543596207;9,811405073851347;10432,611109688878;90,33596336841583
121367107238,62051;0,3138971802033484;7115,17567364499;40,847372780554;462,1750889159739;1,2652400332935154e-05;0,060000009258250574;11,200698890304192;1,4893173085451126;1,5744612185284494;0,055479491785168644;0,0595756119042635;0,057363378178328275;0,05785955407842994;0,041142594248056406;0,03774089107662439;0,19901330999284983;0,23184881664067508;2;0,03993729209154844;17;0,03046604722738266;0,7867989088222385;0,9140125975385308;0,3167656040936709;0,620757841989398;1,0750646222382785;19,441275572776792;10,876914635300636;10893,905395641923;100,39704654365778
132614683592,69202;0,27037672279402614;7481,375313177705;47,38962672371417;437,0937905907631;1,1311126984141766e-05;0,06000000194822467;12,776349693071097;1,373976029355079;1,4128031009808184;0,06226951079070568;0,06222222180292011;0,06397202528268099;0,06006804645806551;0,037175626032054425;0,04304111836105585;0,22057331131398678;0,21637188559025528;3;0,04001337870955467;18;0,027861844975501298;0,8821583417989314;0,7809320600703359;0,28037499150261286;0,5657337003573776;0,9508334750309587;21,241808000206948;9,10504643805325;9414,111964404583;98,02393911406398
135785651253,53635;0,30588643681257965;7678,73097169213;49,06829740293324;458,1071513257921;1,0873044512972236e-05;0,06000000773890345;11,565271222544833;1,4433846301473678;1,6440633586607873;0,05698498283699155;0,06080685568973422;0,05871029086410999;0,06477790374308826;0,036098247744143004;0,04253249011188745;0,22660804567486048;0,21011337763443588;2;0,037468278519809245;18;0,02925590929761529;0,7652812703885138;0,7862952794879675;0,27582158798351886;0,6121190674602985;1,0596540842205286;20,606435196474195;10,486277850344777;9749,404205009341;103,25234074145555
124342360068,11261;0,2783913566172123;6589,312236057594;42,52611430361867;481,90506545454264;1,1920960195749997e-05;0,060000001045008355;12,337764799688012;1,4176968833059074;1,4823616529814898;0,060763284523040056;0,05740659655630589;0,06557821488752962;0,05656794687733054;0,04006765930354595;0,03624800059944391;0,2036307907551527;0,2379488629885018;3;0,04260741516947746;19;0,03204852251708508;0,8585351320728659;0,9200782499462365;0,3269773673638702;0,5416189155355097;0,9854469696059823;22,152680637314916;9,526941061019897;10191,607605665922;95,78143132850528
118500329088,41968;0,3216162425279617;7258,351965015754;45,54324665106833;493,644327852875;1,2365123000100254e-05;0,06000000672882221;12,128168063936755;1,3227655343823135;1,354760858695954;0,06545491809770465;0,05481462080776692;0,055657685246318575;0,061660604014992716;0,04268528778105974;0,04022419682145118;0,21995974515378475;0,2038424835279584;3;0,03815876584500074;17;0,03139101993106306;0,8240745352767408;0,8200262529030442;0,2947851827926934;0,5886626799032092;1,0176952701061965;21,72545468676835;10,660657431930304;10731,99962452054;105,88666955009103
129127684095,87442;0,29412107672542337;6896,40999273397;42,94034453853965;423,9976725578308;1,1582380927503108e-05;0,06000000439929844;10,600997490156441;1,4917056610658765;1,516469198372215;0,05829974065348506;0,06342094178125263;0,06225606655329466;0,05926333012059331;0,038652768626809116;0,03855580547451973;0,24087519244104622;0,22273543315380812;2;0,04176651707291603;18;0,027292829314246772;0,9066057078540325;0,8637590419128537;0,30048043806105856;0,658825918212533;0,9434641214087606;18,940442116744816;9,327055988833308;9209,740987047553;93,20089027285576
130449961405,24745;0,3108137249015272;7359,186339145526;41,68585516512394;501,00709392130375;1,127199638569355e-05;0,060000008726252725;11,625202476466075;1,4305965736322106;1,4031721950508655;0,057386464510113;0,0649822018481791;0,06492855877429247;0,06239564668759704;0,04191693232953548;0,04245099056512117;0,20103909783437848;0,2176917951218784;2;0,03940641584247351;18;0,031857869854196905;0,8071954281441868;0,7953189891763032;0,3228122613206506;0,5767507279291749;0,910864281654358;22,454144593141976;9,69024071469903;10577,2490426898;104,5089590549469
115720853814,85522;0,2749103693850339;6998,947837809101;48,784088691696525;432,80676229670644;1,2833609892144799e-05;0,060000000145475164;12,57160147484392;1,3861187887862325;1,546007010061294;0,06486839527264238;0,056429347671568396;0,05973496253415942;0,05851148752123118;0,037885876573622225;0,03676699329167604;0,22397340744361283;0,23590269681438802;3;0,04051788759231567;19;0,029821584859862926;0,9011469075828791;0,9322330899722874;0,2724845759756863;0,6397417299449444;1,0350958121940494;20,850479154847562;10,289714163169265;9113,576048985124;97,03831696882844
122344517009,33278;0,3250820309109986;7757,262926874682;43,78499760478735;444,6346399411559;1,210545073595643e-05;0,06000000707945923;12,197144502261654;1,336533003333956;1,5980014239437876;0,06017802479490638;0,058974448777735236;0,06215732331946493;0,06551290081813932;0,039363126114010806;0,040758814632892604;0,23239174782857297;0,20162433154881002;3;0,03621605154126882;17;0,02747733685746789;0,7823169782944024;0,8064075118117034;0,30381195556372403;0,622698008492589;0,9680330701172353;19,369054470956325;9,398192489519715;9591,70818515122;107,13340817019343
136326299328,35698;0,28917876100167633;6668,840000079945;45,82306143455207;466,9869326464832;1,0809726189181208e-05;0,06000000413678037;10,825824839062989;1,5223217617720366;1,4551642307080328;0,05607004296407103;0,06241499111428857;0,05688168436288834;0,055816058322787285;0,0433300938680768;0,038458681046962734;0,21151928781345486;0,23014202612638474;2;0,04385866838693618;18;0,030831489488482477;0,8641395414248109;0,8533812407962977;0,29895944366231564;0,5600439200922848;1,092239803634584;21,834147043526173;10,622907273471355;10100,341200828552;94,44797191768885
132856621500,10468;0,3171850422397256;7216,321961861104;46,37680290732533;474,92571897804737;1,154325028976053e-05;0,06000000617744574;12,039045803667978;1,3131399177908898;1,526687318086624;0,06168425253778696;0,060649631772190335;0,060643281631171705;0,05709965501725674;0,042380158923566336;0,03996771055459976;0,2164871911369264;0,22405808068439365;3;0,03868500336259603;18;0,03243742972612381;0,8036889405921102;0,8924948021955788;0,2885427162609995;0,602808946967125;0,9963723681867123;20,284797212854027;9,976291634142399;10798,64882491529;109,37334014102817
119460416072,97957;0,29707277454435826;7583,605911210179;44,33866836782545;454,1712608523667;1,2546332502551376e-05;0,06000000261623281;11,057936098799109;1,5523801853843033;1,383802017197013;0,054564550526440145;0,05794955507665873;0,055442349459975955;0,0607979619987309;0,03841074782609939;0,04125229376554489;0,23877698736265301;0,2078881916664541;2;0,041264693677425385;19;0,02889485700801015;0,8876281042583286;0,846222132910043;0,30862914584577084;0,5546787356212736;1,0706038972362877;23,00417677201331;10,013535926118493;9260,284055024385;91,59036953002214
112837162287,9058;0,30292016945779326;6801,25174978748;48,23028061632067;419,2749487385154;1,1809017192415892e-05;0,06000000955004525;11,434974871622398;1,4587012163028121;1,472144927456975;0,0588802410364151;0,05463532123714685;0,06349666279926897;0,05421690771728754;0,03684026902168989;0,03727560914307832;0,22863251303508877;0,23926619179546832;2;0,03793789055198431;17;0,028427314901724458;0,8292595499008893;0,9036705234460533;0,2845414703898132;0,5981046363338829;0,9262889578938485;21,268469146080314;9,174596032127738;9784,310828894377;101,64145812392235
126979876402,76552;0,28280781615525485;7885,3948732838035;41,132251038216054;486,192598413676;1,1126761351980269e-05;0,060000001587839906;12,83584164083004;1,360208568867296;1,6150231651961802;0,063373889118433;0,06394184753671289;0,05821371079981327;0,06410253136977553;0,04087278768420219;0,0439439067915082;0,20702952444180847;0,2141645092368126;3;0,04211143577098846;18;0,03027555442415178;0,923921338301152;0,7674588663689792;0,32010490357875826;0,6456342621892691;1,0004956929013133;19,91910671610385;10,836601007729769;10273,885620757937;99,26861742511392
127352101984,43384;0,3017085133865476;7060,9670132398605;45,19817485380918;441,1270660869777;1,2513434173300862e-05;0,06000000343322657;11,3381980269216;1,3996257829889656;1,4991915908642113;0,06370626845955848;0,061388327546417716;0,06274413705244661;0,06517842723056674;0,03754272964596748;0,0393772698789835;0,20008927302062512;0,20288717058673503;2;0,03686481810361147;19;0,031188187625259163;0,9217587063647806;0,8426784716174006;0,2895765123702586;0,5891247185692191;1,0248020168393852;19,691086003929374;10,3651327136904;9366,44191481173;102,79251234605908
113977095042,35536;0,2844380398839712;7421,602213289589;43,30300198774785;464,7452934011817;1,1428533755004406e-05;0,06000000543926359;12,858624903997407;1,4259397189579905;1,6374876142479478;0,058544743180274965;0,05718824649229646;0,05596704478561878;0,05687636833637953;0,04150983487814665;0,04184267331659794;0,22182032928615808;0,2286766016371548;3;0,04319522370398044;18;0,02713091569393873;0,8371236569806934;0,8861044212803244;0,31319277327507733;0,6536171849817038;0,9490087496116758;21,49982255771756;9,655769281089306;10824,62913542986;95,00957019627094
119832450640,38783;0,31556863702833654;6640,586623735726;49,26828159112483;498,94479002431035;1,102116581581533e-05;0,06000000241154759;11,914720966946334;1,5097735430002213;1,5019797929562628;0,054229241497814655;0,055396081153303384;0,06589086460322142;0,061920727137476206;0,043237206578254694;0,03781886967271566;0,23470708397775888;0,21929872009903192;3;0,03950831992179155;18;0,029476594207808376;0,8912550962530076;0,7639918766915799;0,27810102598741654;0,6106755834817886;1,0541078377515078;22,903304254822434;10,531818065792322;10349,418923258781;105,09970229119062
133996744523,75621;0,29829807791858914;7728,701352793723;42,30854449700564;429,1184492856264;1,1766927344292403e-05;0,06000000880392855;11,108231495833024;1,3402158941812814;1,3636858616955578;0,0620168207064271;0,06320260322839022;0,05919579216465354;0,05980598491430283;0,03920625778287649;0,04340058537572622;0,21228787730634213;0,2347806862220168;2;0,04043261475861072;17;0,032216021390631795;0,7944911077618599;0,8973785614967346;0,31719426278024915;0,5458169065788389;0,9783393675461411;20,380798819474876;9,448182230815291;9842,380689457059;92,72687127813697
137466792273,33514;0,32255490398034453;7566,723616654053;40,6122838743031;420,0770316235721;1,2791555256135762e-05;0,060000000884267664;12,32117353985086;1,557024098817259;1,5806633558124303;0,05572301518544555;0,06572107500582934;0,06441046847775579;0,05546526503562927;0,03800436968356371;0,04289201720803976;0,21828573260456324;0,24086228517070413;3;0,03710232586413622;19;0,030610285626724364;0,869125661700964;0,9370198173448443;0,32948570340871813;0,6165607888251543;1,0820688460022212;22,000643504597246;10,078688880428672;9009,728137403727;108,58977761119604
122716158558,61455;0,29130975069478154;7199,040202936158;47,57195441611111;491,1411324366927;1,1166436061643064e-05;0,06000000790986932;10,775789383007213;1,2996113153547049;1,4423259794712067;0,060522311713546516;0,05566822791472077;0,05762896978855133;0,06358147246018052;0,0420367814451456;0,036326027832925316;0,23937219648063182;0,21303183554485441;2;0,0429635706692934;18;0,028058915359899402;0,7716513555310667;0,802927931509912;0,2751585498265922;0,5671781347319484;0,956275580264628;19,20742881093174;9,932584572583437;10549,443071708083;91,11912554129958
116861155745,57333;0,30869821356609467;7958,7823648471385;44,9991918168962;480,05358834937215;1,069497445104271e-05;0,06000000488228672;11,721701381076127;1,3565472693257035;1,4181619696319103;0,06521249336376786;0,059735386077314614;0,0611818240955472;0,058207563512027265;0,040716180421411986;0,04033371819555759;0,22819680784642696;0,22531008861213922;2;0,03827136219292879;18;0,028524981178343296;0,9003214326128364;0,8584204103052616;0,30301116518676285;0,5837668538466096;1,040579990670085;20,88162379525602;10,755746401846409;10026,385126635432;101,1751732416451
130821793223,73122;0,2774531458877027;6874,950204743072;46,89457278884947;454,7926045805216;1,2072517203323544e-05;0,060000006255141194;12,549132009921596;1,4712623593881726;1,556506123021245;0,05703924790397286;0,06167593563348055;0,054482368122786284;0,06051108760759234;0,03674663190543651;0,03888383843004703;0,20504715160280468;0,20641210325807333;3;0,04166371776163578;17;0,032770661752671;0,8135697712935507;0,8142906650900841;0,2941591555438936;0,6337207965552807;0,9148115189746022;22,419667112454775;9,233912477269769;9531,569179147482;98,48970882594585
128719993797,13089;0,3203952595219016;7879,34344750829;47,854652574285865;468,7261153459549;1,1952714474014938e-05;0,06000000061932635;12,114869300089776;1,5343816721849144;1,3727306758984925;0,057905746322125196;0,06006798331439495;0,05790527250990272;0,05745494291558862;0,04394733519852161;0,042123022489249706;0,2313184631355107;0,2333264992646873;3;0,03902285388857126;19;0,028243433989584447;0,9172775084152818;0,9263670294545591;0,2710088365338743;0,5947998781129719;0,9318332731723786;19,102838071435688;9,847349002957344;10181,211994960904;109,83560033142567
117298228736,03552;0,2957419735193253;6796,684098197147;41,455152198672295;447,79197177663445;1,0986612787880004e-05;0,06000000824339707;10,688325693691148;1,2956202569678426;1,529847645945847;0,06584617156907917;0,05816771696135402;0,06300951354950667;0,061245351880788806;0,03998022950440645;0,03665752916783094;0,21027494948729875;0,21512130468711257;2;0,04091124479472637;18;0,030050744097679855;0,8191055831499398;0,7897592691145837;0,32613387264311317;0,651691696420312;1,007602126710117;21,559726517647505;10,134566651657224;9627,779886126518;92,36468153074384
123934860783,62912;0,30425006166100504;7464,274618262425;46,61626869253814;436,7947976961732;1,1686829234205187e-05;0,060000003965681885;11,50606509167701;1,3782103681601585;1,6284419054165482;0,06115434916689992;0,054053684156388046;0,054957757964730264;0,054712690394371745;0,03726875744760036;0,040680844649672504;0,20219767486676574;0,2272277961820364;2;0,0363539463058114;18;0,03258002017624676;0,852144992724061;0,8701471121050417;0,29750549448654057;0,605102963000536;0,9892645008862019;22,18792791198939;9,053584201261401;9167,469926178455;102,43087640032172
134583360631,9502;0,27959669005125765;7098,471677443013;44,151929430663586;503,53276055678725;1,2406069792695343e-05;0,06000000724002975;12,470964512089267;1,4762154962271452;1,4713224140927195;0,05659079967811704;0,06415999804437161;0,06033154172077775;0,06431578233093023;0,04129970673471689;0,03809921883046627;0,2253043389208615;0,19870439448952676;3;0,04371097849309444;17;0,029090645654127;0,7661019421927631;0,8235674210824072;0,3071700341999531;0,5476398560777307;1,0650573855265977;20,576058347336946;10,965554784983397;10640,785763040185;99,74506836384535
131412762147,37445;0,31135694978758693;6560,923601873219;43,580602339468896;484,3857030272484;1,2258304267555475e-05;0,06000000307038168;11,26018295250833;1,4036168498396875;1,5480462337844074;0,06264885668456555;0,06482261721789837;0,056616636347025635;0,0626513294801116;0,0404742816016078;0,03960817871987819;0,23030921572074292;0,20496592048928142;2;0,03876000211387873;19;0,027696373818442227;0,8743100255541503;0,8294576456211508;0,30984872449189427;0,6297377669066191;0,9734754405915738;21,009686797298492;9,569190945476294;10444,599207490683;104,03600817546248
120959214190,95248;0,27249460900202394;7650,653300900012;46,045008019544184;416,0056859590113;1,0660421375080942e-05;0,06000000571398841;12,642836191179232;1,4485821540541948;1,39087877785787;0,055097027376294135;0,05697581193968654;0,06171942371875048;0,059046772342175244;0,03644186934828758;0,04117425797879696;0,20853520922735333;0,22113010304793715;3;0,041179960831999776;18;0,030997706623747946;0,7889663492888213;0,8753335089050233;0,2854190170951188;0,557750799022615;1,099244292639196;19,668526490963995;10,418691156432033;9996,16282992065;96,25272300094366
114322989317,5885;0,32749871442094447;6959,001572430134;42,02655021753162;450,29520163685083;1,1424731580138206e-05;0,06000000143640678;11,827678567171096;1,5048204146251083;1,450784760620445;0,05941124021261931;0,05881485263630748;0,059294505178928376;0,06590907552838327;0,03880913176387548;0,03716607921570539;0,21489574931934477;0,2115802291482687;3;0,037616371549665926;18;0,03165668549761176;0,938728450704366;0,7733262894488871;0,3213462653383613;0,5706924148276449;0,903861989080906;20,026014645025132;9,269196720793843;9458,708232268691;106,35284952819347
125548985903,15134;0,28863645924255255;7320,544080343097;48,4258423531428;472,4678075276315;1,2684190932288766e-05;0,06000000969125678;10,901505966531111;1,318552803810686;1,607945296447724;0,06433994814008474;0,06296146689355374;0,06466681237891317;0,0561172013618052;0,04277868074178695;0,04361586909741163;0,23735794818028808;0,23668761816620826;2;0,042442688986659045;17;0,029660952977836132;0,842662108130753;0,9092288809455931;0,28145423138514164;0,6430455932021142;1,0296548752114179;22,753596327826383;10,74394577741623;10983,278337866068;93,979751188308
125590953649,953;0,3223878228105605;6918,990970449522;41,37731467746198;496,18973546102643;1,2033622877508401e-05;0,06000000750991756;11,105858226167038;1,3723812520094216;1,4556167389266192;0,05923674876987934;0,05995140601694584;0,055066731143742796;0,058875339310616254;0,038437737762928005;0,041014822810888286;0,1995643964149058;0,23376927429810165;3;0,038593077622354026;18;0,02783015974983573;0,7634183050692082;0,8396841401420534;0,2770548194646836;0,612700591608882;0,9111998928710818;22,724638301320375;10,116556717082858;10367,308730259538;98,78767693415284
114181850943,71439;0,2937500902824104;7280,544530181214;47,915453776717186;426,5725608319044;1,0738486244246364e-05;0,060000001117822256;11,917076307535172;1,4886932343244552;1,5940318635664878;0,06301516346633435;0,06184800447151065;0,06026912811398506;0,06277222397178411;0,04247063114494085;0,03970664784312248;0,2226927335076034;0,21966222425177695;2;0,04148165088891983;17;0,03047573708742857;0,860892266239971;0,8890989234112203;0,32761733232066037;0,5408032881841064;1,0369683623313906;20,07088274080306;9,903556924313307;9815,707676112652;101,5511041879654
120805869903,41544;0,3062423102371395;6611,5379890892655;44,02439057640731;438,28936229273677;1,1200756440758704e-05;0,06000000664540407;12,879317357065156;1,5357786607705057;1,5432096778415143;0,06170022388547659;0,06593572194501758;0,05783800093084574;0,056179961655288935;0,04077451059222221;0,04369920150190591;0,23386577228829264;0,22955583430081605;2;0,0377835401520133;19;0,03282299452833831;0,8222227078303694;0,7610084443725645;0,2960293581336737;0,5873782600834966;0,9661404913291336;19,641090536490083;10,78336749970913;9354,421019554138;91,44630525261164
131466936552,8971;0,2776046637631953;7701,278761541471;46,622416131198406;462,10271763056517;1,2761782033696771e-05;0,060000004639042356;11,317451786622405;1,2787190582975745;1,4047967883758248;0,05454493056982756;0,05583892388641834;0,06312241772934794;0,065889529556036;0,03680545895546675;0,037022757329046724;0,21280062756314874;0,20239131932705642;3;0,04214075469970703;18;0,02885939005203545;0,9089740228094161;0,9003621671535074;0,3011167261563242;0,6598761489987374;1,091933757811785;21,056076965108513;9,195616560056806;10829,812051728368;108,83868930861354
134539866494,01486;0,31334898322820665;7503,566160611808;46,06881200429052;482,68651293590665;1,1737189333967864e-05;0,060000005039083024;12,528520211437717;1,4945484175756574;1,6145238792523742;0,060206450175493954;0,05519022037088871;0,0593606717325747;0,06118259337544441;0,03798391143232584;0,03652741352468729;0,217805460434407;0,20712208491936326;2;0,039314534209668635;18;0,02727688472159207;0,8456972856260836;0,939298923369497;0,31132437000051144;0,5777361203357577;0,9944540640339256;20,570665772259236;10,330246629193425;10006,673444062471;94,8605527356267
124074472952,6341;0,2705023389682174;7137,774271611124;43,47058250103146;457,640310510993;1,1055521407045424e-05;0,06000000366655235;11,74225939232856;1,3265789940170944;1,4761589767411352;0,056039439540356395;0,06304655278846621;0,06455280308425426;0,05747448996081948;0,04195149634778499;0,042188127554953096;0,2402033532001078;0,224645154196769;3;0,04073479878902435;17;0,031428914470598104;0,9303326759859919;0,8006489961408079;0,29147274982184174;0,6347725347429514;1,0702225349843504;22,239959214627742;9,679964274168015;9560,068121179938;107,31165183708072
117450047563,76147;0,3294906048104167;7828,009979054332;48,469124539755285;422,63257126137614;1,1472010344825685e-05;0,060000009194267644;10,778010299289598;1,4183209575265647;1,3866441244259478;0,057730523932725195;0,06118109376356006;0,05650730200856924;0,06448721428960562;0,04330334997922182;0,038211687177419656;0,22731357726827264;0,21219487787038088;3;0,036061533533036705;19;0,03189344785362482;0,7862007234059274;0,8607104154862464;0,31529985593631865;0,6218153835833073;0,9266468612477183;21,555888073705137;10,507193084806204;9019,683731719851;97,25074091926217
128664293745,53262;0,2866438744962216;6745,361703168601;41,931056150235236;493,88618486374617;1,2474504644103348e-05;0,060000002168379446;12,318934694491327;1,4449794074930251;1,5250156609341503;0,06452065880969167;0,05703082318603993;0,06178147607669234;0,05459179411455989;0,039272896125912664;0,040504342287778855;0,20560383490845563;0,24140041141957044;2;0,04388815683126449;18;0,029435909371823072;0,8829650515317916;0,8120008332468569;0,2799712607637048;0,5644420555606485;1,0024401262402536;19,156423505209386;9,48166367225349;10546,329032629728;104,9557201564312
130474661570,04237;0,30370085449889306;7908,179288730025;43,18582018185407;433,9456769898534;1,2723084498412907e-05;0,06000000595608815;12,459451886592433;1,5261351875513793;1,413329991325736;0,06543532469496131;0,05859883526712656;0,0659539698176086;0,06374054444208742;0,04003313152492046;0,03648489052802324;0,23184304764866828;0,1983401980511844;2;0,037310281269252295;18;0,030863181687891483;0,803233640473336;0,9233836853131652;0,28730215150862937;0,6033922029286624;1,0447929905727507;22,40196985770017;9,594789627939463;9178,39396186173;93,60374331474304
117112169275,0603;0,28244593447074295;6824,31395156309;45,228007840923965;500,90122881159186;1,138121876528114e-05;0,06000000268141618;11,51763150440529;1,3393757259882988;1,570419555902481;0,05831569277867675;0,06278938904777169;0,05908458099514246;0,05535526388883591;0,03600023768097162;0,042793159194290636;0,20940216793864966;0,22823851582035423;3;0,04264038094878196;17;0,027467640381306408;0,8885776617377996;0,7927427859231829;0,3079965141601861;0,5538612906262279;0,919000106677413;20,92135041821748;10,386185323819518;10638,656377792358;106,05510974302888
122954963939,26442;0,31756112119182944;7606,745551340282;42,21142454165965;465,98245576024055;1,0626101179338992e-05;0,06000000945899881;10,71823816592805;1,3877135322764516;1,5854999117553235;0,056626237783581015;0,06460797343030572;0,06263191303610802;0,06043596912547946;0,038742958560585974;0,03880109369754791;0,20303927799314261;0,215616505458951;3;0,03806316273659467;19;0,029995336817577482;0,8288153849728406;0,8671526917815208;0,2833046102151275;0,5968184847012162;1,0778589958325029;19,183082546666263;9,301152164116502;10160,516612231731;96,00358305498958
137131868023,42534;0,29630628721788527;7239,028938952833;49,31432263087481;445,23501736298203;1,2288077970258891e-05;0,06000000183521435;12,084974756930023;1,4312206139974297;1,4284079689532518;0,06111981863155961;0,05680510780960321;0,056032066930085424;0,05823800569027662;0,04271201068907976;0,04047744417190551;0,22479196533560752;0,23244661611318587;2;0,041987151652574536;18;0,03170899753086269;0,9248820738866925;0,8265620113909244;0,31946130031719805;0,6466863106191159;0,9520901430398226;22,033721118047833;10,716818235814571;9655,309433117509;103,70890531688929
134345402475,44647;0,32454671613872055;6691,930884728208;47,63551460579038;452,8396972492337;1,2435807165578007e-05;0,06000000848526784;10,871745847677811;1,359584528502077;1,5158978191204369;0,05513173019886017;0,05425953606516123;0,06129367541894317;0,05695148789137602;0,043513996444642544;0,04197238481044769;0,23078978195041416;0,23735194421932101;3;0,036532106928527354;18;0,03029149311594665;0,8051788661256433;0,8317477389797568;0,3242816944979131;0,5759259453043342;1,0624223032966258;20,37234859764576;9,816795356571674;9445,70268318057;97,53319455310702
119582963222,63777;0,28931725937873126;7780,012436723337;40,532820330932736;475,22427686676383;1,1652472708642482e-05;0,06000000023013189;11,857456615101546;1,457106472812593;1,3588492990471424;0,06261359086632728;0,06431605092063547;0,05441697337478399;0,06514798684045672;0,039546411037445064;0,039311577081680295;0,20770443180203438;0,2108696391247213;2;0,043393169313669204;17;0,028389426620677113;0,9033504504151642;0,8730435882136225;0,27289200313389306;0,6403324093669653;0,986629417911172;22,968680155277255;10,16993192769587;10987,492812797427;100,2969654276967
113739815028,38432;0,31069034043699506;7021,686285035685;46,90674936398864;487,0296935737133;1,0943136294111608e-05;0,060000007007848154;12,654268162092194;1,5495374627299607;1,485278142336756;0,06392983082681894;0,060275208804756404;0,06434626959264278;0,05964691114425659;0,037210396043956276;0,04328850585967302;0,215778685182333;0,22059124238789082;2;0,03984176360815763;19;0,029049940075725318;0,7803112108260393;0,7756053066253662;0,3052850369922817;0,6237573945522309;1,0164905043318868;21,48469129856676;9,016691973432899;10463,458409532905;90,2017031610012
127688551787,287;0,2754607976227999;7382,28828641586;44,864490861073136;418,84199691191316;1,199164436122775e-05;0,060000004364565825;11,248804768826812;1,309326492011547;1,6423195992596447;0,059821916230022906;0,0583251435533166;0,057739087376743554;0,062030727211385965;0,04124085035920143;0,037995944447815413;0,236800884924829;0,20580214375257494;3;0,04023393675684929;18;0,03225742160528898;0,8663539217226207;0,9069500337541103;0,29935584113001823;0,5587503449991346;0,9407216530293226;19,74978086706251;10,995556134730577;9970,473516732454;107,59435394778848
127327020349,91235;0,3090555370599032;6852,568710735068;48,673515513539314;465,3470746316016;1,1612159048639237e-05;0,06000000066382492;12,74185629785061;1,3440293876715004;1,467308360338211;0,059477720864117144;0,055021851662546396;0,06209375958144665;0,060875643957406286;0,03640708979964256;0,041436539962887764;0,23537129381671548;0,21708318904414772;2;0,038976576901972294;17;0,03208913871087134;0,8671750193275511;0,8837149732001126;0,3288292952813208;0,6157451319694519;0,9336024476215243;19,915254746004937;10,459211939945817;10889,199182391167;94,07494919374585
112586161051,87685;0,2766678780689836;7936,745011294261;41,70911385677755;440,12118539214134;1,2330807222791015e-05;0,06000000797413649;11,23521021460183;1,5126163333654403;1,6289411868900059;0,06427713326364756;0,06357836229354144;0,05699243709817529;0,05707250873744488;0,04037603502720594;0,03984736104309559;0,21447749612852932;0,23118520401790738;3;0,041088354572653765;18;0,029578597253188493;0,7739208173379302;0,8339938709326088;0,2739381566271186;0,567759631164372;1,0078335940837861;21,322037048265337;9,558956228196621;9427,60138399899;106,83871038258076
119221622240,72963;0,323324157781899;7177,01391200535;45,72812124341726;429,0111803673208;1,187745190411061e-05;0,06000000479032423;11,005259349569679;1,4275343947373331;1,5315193075686693;0,06296071591973305;0,061012713678181174;0,06504123979434372;0,06394602286443114;0,042869122445583344;0,04387092056125402;0,19814552048966289;0,1994634675756097;3;0,03764558462053537;18;0,027052354216575623;0,8983815821073948;0,9173463065735995;0,30236570002511143;0,5848171141371131;0,9890618329867721;22,9988027298823;10,62821227684617;9902,803966775537;96,78252976387739
133191557298,41441;0,2909364127367735;7544,331060023978;43,82882454805076;500,08510852605104;1,0911942602314054e-05;0,06000000650343065;11,79797255289741;1,4002497556433082;1,369888573139906;0,05478735744953155;0,057562644068151717;0,05967039748281241;0,0543302047625184;0,03883609118312597;0,0374134686216712;0,22110112581029534;0,2266330176219344;2;0,04228850738704204;19;0,031244753379374744;0,8158500678837299;0,7775985243730247;0,2929350863769651;0,6324364044517279;1,0632689483463764;20,336843043006958;9,352717256173491;10413,26803714037;104,17515208944678
135977629828,2668;0,31542738335207104;7706,620796676725;44,400014326907694;490,70958441868424;1,1350061394572258e-05;0,06000000319315788;10,585038453526794;1,47063838673383;1,6119148612953722;0,06145522493496537;0,05936096203699708;0,0633850853741169;0,058667997814714906;0,03989003003388643;0,03691819634288549;0,22606906912848354;0,2217253430224955;3;0,039239598192274565;17;0,032662459407001736;0,9212374866008758;0,7836634941585362;0,2899894054234028;0,5897134954109788;0,9731982192024589;21,806724615208804;10,237599125131965;10734,621463343501;99,56197943538427
122593992878,6829;0,29883066913113;6618,231046944857;46,29951926227659;420,91272297501564;1,2608928362384438e-05;0,06000000552300546;12,144180887797848;1,3549525935463607;1,450332256872207;0,05629358378425241;0,062051523037254815;0,058279379535466434;0,062282350715249776;0,04392062182724475;0,04235991432517767;0,20453072265163064;0,20420730947330595;2;0,04081947092711925;18;0,028658108577132226;0,838007295485586;0,9227102059312164;0,3146530212275684;0,6527942763268948;1,0974293671548367;19,41546217035502;9,77457256987691;9198,331888765097;102,01337402686477
115958121535,36827;0,3011626536212862;7399,169198144227;41,13785318378359;455,0897586606443;1,2183041697651147e-05;0,06000000233902151;12,372123683057726;1,2967685249894858;1,3892541800625624;0,05798321616277099;0,06534528947621585;0,06070720509812236;0,05573837529122829;0,04133424023538827;0,03835246808826923;0,21913656172528864;0,2388294594064355;2;0,036383113361895085;18;0,02799609594605863;0,8907450143620371;0,817383399438113;0,2785249201208353;0,6093839109688998;0,9057022837921977;20,82150259539485;10,912340588867664;9721,382204443216;91,92276569083333
130113499308,9363;0,284566025454551;7038,9638954773545;48,102188422344625;478,72342855483294;1,0585751189514995e-05;0,06000000903263005;11,530930268252268;1,55321060532704;1,5508435615338385;0,06577090838178992;0,056042430941015485;0,05533195654302835;0,06554004530981183;0,03736676178872585;0,04092613096535205;0,24136175779625774;0,20961889012902976;3;0,04355684100091457;19;0,030695054629817607;0,7953859270550311;0,8664020687155425;0,3186508910916746;0,546874418668449;1,029909397661686;22,498998161405325;9,074555376544595;10212,788050994277;109,62809793651104
129085727897,47269;0,3278724525868893;7297,64937357977;47,14183397870511;447,71819668263197;1,10969836063236e-05;0,060000002842921146;10,800479764211921;1,4746207865923644;1,359597425814718;0,06490284856036306;0,054428092818707224;0,05725486209243536;0,05650262310728431;0,04206353487074375;0,03606316673010587;0,2015364492237568;0,2308076739721;3;0,037135704584419726;17;0,02921752422116697;0,8737669645622372;0,7986527810245753;0,3104978138767183;0,6289203514158725;1,021883855946362;18,925324368104338;9,937933132052422;9562,717743217945;98,3163470774889
118641479010,69373;0,2878676060959697;6935,696349479258;44,68216746021062;469,9230908565223;1,1843333048313856e-05;0,06000000578527591;12,222435789881274;1,3775863616503776;1,5025511766783892;0,05735108648613095;0,06378441815078259;0,06403489589318634;0,064794153816998;0,038094590134918685;0,04265243553370237;0,2231177882179618;0,20091506331786513;2;0,042805223420262335;18;0,03247802088595927;0,7898281412012875;0,9288994707912206;0,28664672903716565;0,5583340827003122;0,9476771231740714;21,78416706584394;10,041096346452832;10120,536992326379;100,76747493818402
124495716649,10764;0,31213907059282064;7627,403391059488;47,255479644052684;504,19014559686184;1,2589839877322316e-05;0,060000001351462086;12,578555667493493;1,2918067296221853;1,6392313691787421;0,05566017947718501;0,06044377706944942;0,054108168873935936;0,0594321996755898;0,036648591324687;0,03862936417758465;0,23325924130529166;0,23536519990861415;2;0,038492072112858294;18;0,030129310045391322;0,9381961842626333;0,8097522054985166;0,3219990601949394;0,5717444337531925;1,0554686481133104;22,144211898185315;9,145508660003543;10580,854581668973;90,66748252138495
135731489141,47168;0,27213413804769515;6537,97358199954;40,860094112344086;435,8227621205151;1,1504351545512676e-05;0,060000009932525904;11,618230354739353;1,531538847964257;1,496275097038597;0,06058881730958819;0,057793499272316695;0,06080615995824337;0,0615364136248827;0,04068162212520837;0,04008672623336315;0,21099109467864036;0,21852938213944434;3;0,041567976370453834;19;0,028186863407492636;0,843534737508744;0,8500367170944809;0,28267097085714343;0,6417594138532877;0,981237118318677;20,671796585060655;10,874407213181257;9103,136345744133;108,37247114628553
132658165437,16937;0,3041290001012385;7075,181309087202;42,55649204738438;416,24613916128874;1,0770792241550981e-05;0,06000000037223972;12,829021960031241;1,3213956280313433;1,560547781176865;0,05415395175665617;0,05918908963724971;0,055591243363916874;0,06320379330217839;0,041608121506869794;0,04158160869777203;0,21702587427943945;0,2138016345910728;2;0,036898120291531084;17;0,029769158363342284;0,9153486268036067;0,8898520315438508;0,27058861378580334;0,5953905298188329;1,0833546737208963;21,217448225431145;9,723659571260214;9811,476534232497;92,83187275752425
121227482776,15756;0,28014947338029744;7441,369896801189;48,95166947320104;483,02200553938746;1,2148922907344997e-05;0,06000000833415912;11,44177662334405;1,5086339419707657;1,4176350748166442;0,06209430976957083;0,06258569245040417;0,06236980042979121;0,05510104455426335;0,03757753017544746;0,03913980083167553;0,23787667945027352;0,2402782332263887;3;0,043036951079964636;18;0,03152355470135808;0,8213968003541231;0,8488650762289762;0,32468095438554884;0,650866884291172;0,9591479394584894;19,474335670284926;10,265028504654765;10255,510989576578;105,59529092162848
115372889372,52014;0,3198584911040962;6773,7461888697;42,9858402851969;472,0023705214262;1,2867960960157215e-05;0,060000003900173744;11,083074962999671;1,4492061605639757;1,4406269995495677;0,06340907196700574;0,0651982164233923;0,058819899190217254;0,0601333684399724;0,039179262124001975;0,043147735469043255;0,22945598921179772;0,20838475619256497;3;0,03972922987490892;18;0,03106052049435675;0,8502272463031113;0,9010386546328664;0,297088919095695;0,6038094156235456;1,0377341421321036;20,10510580614209;9,422327758744359;10792,973216623068;95,52957348525524
126012757723,2197;0,295879050437361;7856,086267018691;45,44557335600257;451,0752453096211;1,1242253852151334e-05;0,06000000746171107;12,01385315223597;1,4052115594744683;1,5835327858105301;0,0588455925732851;0,05660142258927226;0,06551643642783166;0,05784330293163657;0,043146740078926084;0,03757416247576475;0,20654333444684744;0,22317956128716468;2;0,04033667524158954;19;0,02761161000095308;0,768404337503016;0,7700909051671624;0,3057060871459544;0,5486992716416716;0,9135026138275862;22,693235240131617;10,587959557771683;9272,78977446258;102,92192848399282
126532121677,88297;0,30664834376424555;7568,155849445611;48,330368989147246;491,65698642656207;1,1570500229105353e-05;0,06000000494469578;12,23410375402309;1,5166124502308667;1,4449764724820853;0,05619409630447626;0,06429290829598903;0,0589297394156456;0,06303925186023117;0,0414422288313508;0,0416458782851696;0,20414809258282185;0,23648973926529288;3;0,04133089470118284;19;0,03076678626984358;0,8394721257686615;0,8950031519308685;0,2775894764252007;0,6271214586496353;0,9355510281398893;21,118710075505078;10,35667997226119;9692,88593903184;102,52031333744526
114894730108,7901;0,279036103785038;7208,936675824225;41,22547912504524;424,906790278852;1,253610131379962e-05;0,06000000633921774;10,862860289402306;1,3489247033894063;1,6067421108484268;0,060054887004196644;0,054096506517380474;0,0657346752472222;0,054935221530497076;0,03747365127503872;0,0390721124112606;0,22643851823359729;0,21757555736228823;2;0,03871940740942955;18;0,02755229416117072;0,9362419346533715;0,764785255677998;0,3177369411662221;0,5566212450340391;1,0097821768373252;19,58063559103757;9,632175950333476;10248,859351500869;95,30374186113477
121551581914,53665;0,3209719817340374;7900,743281003088;46,21079468820244;459,7123812623322;1,1817528226807713e-05;0,06000000081209298;11,662179657304659;1,3959752545021475;1,55619945153594;0,06474543911218643;0,05830140541121364;0,056158389519900084;0,06029717676714063;0,039779238589107986;0,04307980278879404;0,2410460567548871;0,22970353585481643;2;0,04204663818329572;18;0,02989878556318581;0,7920934955403208;0,8839094754308462;0,28909334415569904;0,5736639508232475;0,993348097242415;19,999822764471173;10,55497813411057;10710,393844172359;105,21320989355445
132375270989,72351;0,29335959892719987;6808,380494266748;44,17073512729257;480,6594627648592;1,1098931318700313e-05;0,06000000781602715;12,608654854260386;1,4229153811857105;1,3944268930703403;0,05750850507616997;0,060110119029879575;0,06288128263503313;0,05800546310842037;0,04380873031914234;0,03763769952207804;0,21944378150999547;0,20184614749252797;3;0,037904036313295364;17;0,031793852923437955;0,8767344082333147;0,8436429480463266;0,31376566406339407;0,6438272508233785;1,0675552118569613;22,793006290867925;9,45523288846016;9230,615194886923;92,58650820702314
