Peso;elastic_energy;CO2;p1_x;p1_y;p1_z;p1_T;p2_x;p2_y;p2_z;p2_T;p3_x;p3_y;p3_z;p3_T;p4_x;p4_y;p4_z;p4_T;p5_x;p5_y;p5_z;p5_T
53017,20175180242;797,56155157607;137844,7245546863;-2,603425214692587e-06;-3,810533897610593e-05;1,572016007020885e-05;21,235947430742854;1,4302345584864207e-05;-8,822347004509278e-07;-1,0612845786383602e-05;21,222343386977947;1,8609732247208585e-05;-1,1481063470278715e-08;-3,355112704994619e-05;21,19314029425094;1,4383333619911729e-05;1,286116279463749e-06;-8,105320405894317e-06;21,222000169945552;1,4541505867247244e-05;3,864777839686803e-05;1,5661774915326515e-05;21,23454468528554
45629,048702197986;70,71251057753344;118635,52662571477;1,7342829244748922e-05;5,2725383604043185e-05;-6,263832527366892e-08;19,57284327680639;-3,2633105303244022e-06;4,164663041846825e-05;-0,00013086467800257705;19,556608192849048;3,68192649587945e-08;-8,107320876100637e-09;-0,00021056824017524016;19,520112628518707;-3,0483755081787587e-06;-4,112389610807639e-05;-0,0001286704709777312;19,556797719041143;-7,323893775303315e-07;-5,208379022218074e-05;-1,6734804564855494e-07;19,572470073768326
50173,10857180022;51,298597089473574;130450,08228668058;9,878088608952413e-06;1,8898086829886066e-05;6,126123241045606e-06;20,249679411608703;4,327792223207723e-06;2,6163427124860346e-05;-8,778175442389116e-05;20,236480718466474;8,476746050940518e-06;-4,796115942291948e-08;-0,00014770002998957136;20,208113605051164;4,330487848204347e-06;-2,575252112078472e-05;-8,515187779364982e-05;20,236999928211986;4,524151456703562e-06;-1,8188744689422363e-05;6,0738745596536385e-06;20,251351159368674
47702,19021660306;2984,0270099847025;124025,69456316797;-2,1189477636197602e-05;-0,00011784528235911623;2,683530915024934e-05;22,65363424697728;2,6297510118656144e-05;-4,179008871331542e-05;0,00010810529100558712;22,6372029029292;2,9680302257792807e-05;-7,572231440584507e-08;0,000145957321552824;22,60189367258033;2,6368416345086346e-05;4,205946660624675e-05;0,00011081745556946936;22,636661866082125;2,7701134127885388e-05;0,00011836350302496571;2,676787352839375e-05;22,653142327815026
46491,69771406473;493,7916432856047;120878,4140565683;2,2775085653995017e-05;8,037171939802117e-05;-6,305042486670407e-06;19,058191326396788;-9,017293601532738e-06;5,259820781439732e-05;-0,00016159056045295193;19,04364725402207;-6,2151266051290335e-06;-5,947851640661558e-08;-0,0002531896709966502;19,014052226394867;-8,963552062985123e-06;-5,212502319150518e-05;-0,0001588208882032054;19,043671046005457;-6,020886643918478e-06;-7,958584343733863e-05;-6,375495655066631e-06;19,058510961095834
53927,79963613557;1119,01825773665;140212,2790539525;-6,652866736777476e-06;-5,654512809494208e-05;1,8908640441884305e-05;21,730309859827965;1,77355530165184e-05;-9,175889450476781e-06;1,3133513345389591e-05;21,71652149066451;2,192060293723417e-05;-1,1263487444680246e-08;9,311599770996188e-07;21,682013192972736;1,777470047255219e-05;9,544100263357875e-06;1,5455186292197245e-05;21,71678410012726;1,7836771809501994e-05;5,710606013646463e-05;1,881969342653504e-05;21,73227087399951
49220,138365577885;1523,065119899533;127972,35975050251;-1,0298322613698927e-05;-7,194756203628484e-05;2,1358492416116974e-05;22,132193249203098;2,0733750219190854e-05;-1,7346267543918406e-05;3,6711607753237596e-05;22,120534256879964;2,52417974001714e-05;-1,077733889091771e-08;3,65990806179886e-05;22,09525170739681;2,075604011407591e-05;1,7709944612675233e-05;3,894714304418302e-05;22,12077999437421;1,979382560331273e-05;7,247164961439505e-05;2,1284980168505054e-05;22,133030304902803
51661,92998398069;274,1550490729669;134321,0179583498;3,0265487568369545e-06;-1,1864408983669062e-05;1,0429032764688779e-05;20,7554162526725;8,140350601701064e-06;1,0782542404044623e-05;-4,2916209241060656e-05;20,73729408680561;1,1456644555206614e-05;-1,5684289718060587e-08;-7,970088484879941e-05;20,698913778772276;8,287467529741798e-06;-1,021729011881734e-05;-4,003265761640976e-05;20,737868958724864;1,0519816131837662e-05;1,2721103083110953e-05;1,0311364414012773e-05;20,756052412023994
48681,137736013676;1955,194559260421;126570,95811363556;-1,1858027217112762e-05;-7,708085412709548e-05;2,1093892481940208e-05;21,95853390257486;2,0072798125903902e-05;-2,1832862822997454e-05;5,0816937568461916e-05;21,94358669952501;2,3718042114358088e-05;1,759069233090937e-08;6,007029243077584e-05;21,9118539821947;2,0085756920220273e-05;2,2239152098032084e-05;5,303284443238643e-05;21,943554966558402;2,048241039159417e-05;7,761344740697891e-05;2,106790533061414e-05;21,95697972824366
51115,549929675435;141,9668974109418;132900,42981715614;2,0545699423044876e-05;6,508103133079013e-05;-1,0165126138326167e-06;19,364972755042878;-3,82225127165626e-06;4,927923608860745e-05;-0,00015454527508935916;19,350671209251402;1,3981393238155722e-07;-1,0300539575012962e-07;-0,0002472783170113986;19,320193548069405;-3,7685168750496526e-06;-4,885173413398907e-05;-0,00015153586661858742;19,35008817418512;-2,626077590395367e-06;-6,441239722788349e-05;-1,0819230900551741e-06;19,36511605598463
45800,914798957194;323,7678146484151;119082,3784772887;1,5743726947130732e-06;-1,6242737430711477e-05;1,087955816438221e-05;20,846618890972472;9,192087477577544e-06;7,544640792893923e-06;-3,322241453674463e-05;20,832780452728752;1,2695910947663462e-05;-5,437112860205452e-08;-6,447662105790539e-05;20,799978878679436;9,25658358548594e-06;-7,129148755467403e-06;-3,060725024563632e-05;20,833050915891086;1,0185435924953227e-05;1,688490126303039e-05;1,0790063233737645e-05;20,848246320040765
53224,82120113478;2989,324203789052;138384,53512295042;-2,0828670121033843e-05;-0,00011731623511620255;2,724019714461262e-05;22,582566916291498;2,7090366038413626e-05;-4,0453046482691306e-05;0,00010392486469659466;22,567817590782084;3,086309888783306e-05;-5,1190732957810046e-08;0,00013799865567925938;22,53829653328463;2,7139669280575692e-05;4,0733082901395395e-05;0,00010596162165729138;22,569041517001327;2,7911133329058312e-05;0,00011775792092967997;2,714905407047263e-05;22,58274261164283
49636,23542344822;21,73301365189346;129054,21210096538;1,2343383779435593e-05;3,2351315464768256e-05;2,6357513576508574e-06;19,915864530039755;1,7972160048433344e-07;3,0742194930936774e-05;-9,894023464177774e-05;19,901247645579005;3,430616049786738e-06;-9,742858818927907e-09;-0,00016251029313431883;19,871507703913483;3,134134549260368e-07;-3,0328983275704244e-05;-9,722339723790688e-05;19,90173784967807;2,037477016210339e-06;-3,187506584147308e-05;2,5151353082615985e-06;19,91583504949212
47153,72385434654;609,6276133594864;122599,68202130102;-3,1628477822838457e-06;-3,841292154813598e-05;1,484744072041497e-05;21,393204960916187;1,3404838632195512e-05;-2,219695822256843e-06;-5,600639297813147e-06;21,37835865649974;1,7187887314681078e-05;-4,898054473417982e-08;-2,4341152300873034e-05;21,34507015356971;1,3584662075688193e-05;2,685437476855736e-06;-2,8300396435715324e-06;21,378091151006785;1,4146909946498952e-05;3,90953657432753e-05;1,478366571014481e-05;21,39264096286138
52323,730222754886;3705,389244539608;136041,6985791627;-2,1399131801956437e-05;-0,00012499430902907042;3,129903717435744e-05;23,13715060705083;3,0619165931071054e-05;-4,109035367203482e-05;0,00010316583272345802;23,122079383501077;3,546886005956296e-05;1,7039017364813365e-08;0,00013372891012922158;23,091181724423848;3,064080523462608e-05;4,148743093480458e-05;0,0001057136607577721;23,122246851081787;2,9825063790239306e-05;0,00012559146893013554;3,1253854362169465e-05;23,138240376788655
44928,800054398154;63,25252531381042;116814,8801414352;7,234368945922535e-06;1,0191318418859006e-05;5,741918550183048e-06;20,27724558284571;3,451664059938577e-06;1,9234633105988176e-05;-6,583016523471081e-05;20,26254656510971;6,449913736958875e-06;-2,7095192403119408e-08;-0,0001119303571355985;20,232202689649554;3,637541762297502e-06;-1,8856349413253238e-05;-6,365375450614236e-05;20,26281767379096;5,769694745642481e-06;-9,61942673459538e-06;5,65360741388329e-06;20,277769923804424
50690,7786399118;127,3961292511084;131796,02446377068;6,760392386164805e-06;5,4571125232665744e-06;7,922853876896915e-06;20,50193077962703;6,086579546853103e-06;1,9034679678787272e-05;-6,711719726937313e-05;20,48808757799045;1,0070021895239618e-05;-5,006349458468851e-08;-0,00011594478203840563;20,457805529204506;6,258753057626579e-06;-1,8573884180479016e-05;-6,440046206480448e-05;20,487778272230784;6,88795628049196e-06;-4,772586242819236e-06;7,836571440749607e-06;20,501733990824444
48259,08505785159;3362,8674385543777;125473,62115041414;-2,275022521964245e-05;-0,00012870127746243663;3,0540948571919284e-05;22,90755999171688;3,0315634714038306e-05;-4,430166805749971e-05;0,00011372243547500701;22,892043913586708;3,4765355350271035e-05;2,1516172580556846e-08;0,00015077446565312473;22,859375573855736;3,0445962375384466e-05;4,465601245245095e-05;0,00011612946816917981;22,891875271718455;3,011812556281728e-05;0,00012929050462279096;3,053474676146251e-05;22,907235272891143
53419,22870245603;1059,8362534782204;138889,99462638568;-5,601924798976988e-06;-5,277223049278235e-05;1,8657753333233042e-05;21,47665815262784;1,7419597202044683e-05;-6,958017917401938e-06;6,019693201390296e-06;21,464756187520575;2,1989141328224814e-05;-5,080763214927746e-08;-9,912788597248443e-06;21,439728114405135;1,751763010327509e-05;7,3296116374088855e-06;8,630392801669523e-06;21,46501170249547;1,7406320440067566e-05;5,342171835492921e-05;1,860623440343021e-05;21,477739238436794
45993,20599466564;24,102542433547978;119582,33558613066;1,2509656946391065e-05;3,4215930870953314e-05;1,7037326744016948e-06;19,839771643878983;-1,028135161714484e-06;3,063039392520824e-05;-9,785752830041532e-05;19,822188805403215;1,6524969651230162e-06;-3,212797027122169e-08;-0,00015915383024321745;19,78246865775169;-8,859847229041976e-07;-3,0157629139670075e-05;-9,554730645466427e-05;19,822501959283787;1,6157833089242394e-06;-3,356206457348276e-05;1,6037707055897157e-06;19,840353966370945
47271,30967881775;2456,849703090504;122905,40516492615;-1,646955268330194e-05;-9,579967772351553e-05;2,354840730525043e-05;22,41667673851343;2,3121022683226897e-05;-3,17617903116045e-05;7,99782970017929e-05;22,40408798917968;2,678474165319756e-05;-2,774101743869782e-08;0,00010439033144962378;22,374702008773433;2,3310583532443356e-05;3,211581436840512e-05;8,219374620791979e-05;22,40354809228149;2,2916408625905535e-05;9,634960424606428e-05;2,3546623259970297e-05;22,417030316612557
49751,12145838002;405,0225845184356;129352,91579178805;3,26487083814931e-07;-2,394743851082345e-05;1,2514479901314132e-05;21,011317853568087;1,0618175054136818e-05;5,177065355455841e-06;-2,697470820510713e-05;20,995445590014384;1,4252788683460181e-05;-2,6128476169183837e-08;-5,700355451552433e-05;20,960578905731772;1,0759975409918519e-05;-4,80368393577807e-06;-2,478810592521847e-05;20,9947449649313;1,2467278589308526e-05;2,446564383733477e-05;1,244180797790512e-05;21,011289115327873
44427,225909846624;220,36938310757654;115510,78736560122;2,024315838047076e-05;6,704121607545119e-05;-3,0045346653375584e-06;19,332399881849945;-5,488456065724126e-06;4,79125697836681e-05;-0,0001490931263308863;19,31909856519278;-2,07456005974781e-06;2,846552769491837e-09;-0,00023674778167943357;19,290560055705363;-5,32056414701081e-06;-4,738677986110297e-05;-0,00014660550215369816;19,31852434951012;-3,469703268515642e-06;-6,633753280566956e-05;-3,1009800560629783e-06;19,333379869564855
51824,25356175402;1608,123661621236;134743,05926056046;-1,1144209492995475e-05;-7,494942204446362e-05;2,089944804197986e-05;22,000173568426217;1,9826649158458392e-05;-1,959834822016421e-05;4,3929836447568556e-05;21,98354985903462;2,3625526025844128e-05;-1,3203021079926682e-08;4,8640417049069834e-05;21,947930519114742;1,994054905782974e-05;1,9983377728515585e-05;4,6284836394566866e-05;21,98321650742021;2,0759622792969396e-05;7,55086951972417e-05;2,084568218567225e-05;22,000204508628187
45128,3950741234;162,9840108328459;117333,82719272084;4,116173000713564e-06;-3,441722893934039e-06;8,080944900937212e-06;20,57393149234121;6,185465021926664e-06;1,2599267922812138e-05;-4,6924501699175646e-05;20,560333311871986;9,375544221560475e-06;-4,0802587411240566e-08;-8,378178586208626e-05;20,530479863669502;6,349416172043195e-06;-1,2221139055827664e-05;-4,4645754603862364e-05;20,56009989025388;7,793540617351914e-06;4,0229697684570826e-06;7,993790424110258e-06;20,575433545968856
52514,43181811503;2191,905486055677;136537,52272709907;-1,6043864431171418e-05;-9,931212144901754e-05;2,5859981297840516e-05;22,316057825987055;2,52308765851673e-05;-2,9349285237370842e-05;7,053314184290634e-05;22,29975135633451;2,959920958910756e-05;-7,188806897974685e-08;8,590919741375102e-05;22,26773246128768;2,5460738244389665e-05;2,9703242850895765e-05;7,296254875491987e-05;22,30045262572533;2,5567444858542372e-05;9,985224869817346e-05;2,5777001549296062e-05;22,314927099984562
47815,880462399;1453,072028722732;124321,2892022374;-9,100216063752028e-06;-6,5282595278029e-05;1,9261902343021443e-05;21,694302772309726;1,7861031429021167e-05;-1,5654487446901015e-05;3,247726732962045e-05;21,679001028213772;2,1555626540179147e-05;-8,990132025565633e-08;3,2731414095249764e-05;21,646081987447925;1,803230941844307e-05;1,5983275871648543e-05;3,5229189511820276e-05;21,678784269750075;1,8986810119492364e-05;6,5807276730186e-05;1,919084137315046e-05;21,693820269808683
50289,51742919771;292,5602092736831;130752,74531591404;2,1157418641786924e-05;7,203367538278649e-05;-3,679764796236811e-06;19,090238670157657;-6,707903466334517e-06;4,98780626604162e-05;-0,0001534216785286397;19,07535483251265;-3,4663702488971e-06;5,967386963099458e-08;-0,00024339203681268416;19,046150570372223;-6,543912848632253e-06;-4,931948296493571e-05;-0,00015162396662332038;19,076175554359242;-4,9644418180442364e-06;-7,139944704412992e-05;-3,8501031701649225e-06;19,09047775580609
54118,87739702488;4155,824946341163;140709,0812322647;-2,1382166935816017e-05;-0,00012217052463629654;2,9648473618021793e-05;22,879192310388266;2,898932128901342e-05;-4,1917124958897246e-05;0,00010720526775426837;22,864155720499912;3,325620985661123e-05;1,86139225937436e-08;0,00014166281949631437;22,832614635189813;2,8931811687647892e-05;4,2208949312755446e-05;0,00010932043828709011;22,86433290375227;2,871860386792591e-05;0,0001225688526679523;2,9615580763282514e-05;22,878988039930285
46684,8729585047;20,824823914619717;121380,66969211222;1,1519674611690753e-05;2,7584339160987874e-05;3,74567121414265e-06;20,024910906929783;1,1981017239607122e-06;2,8990235727731567e-05;-9,451251611632452e-05;20,009928804676814;4,481896084594806e-06;-4,1465706975057174e-08;-0,0001558586922039483;19,980147415802882;1,287182937626553e-06;-2,848435038377552e-05;-9,208409218367205e-05;20,010948881922573;3,280038166576919e-06;-2,688337302824081e-05;3,626406862508285e-06;20,025617212930317
51238,64504893733;64,76459920320885;133220,47712723707;1,7639984447705732e-05;5,19113767178369e-05;1,2918559877384952e-06;19,66471456345962;-1,2957798017020233e-06;4,334994710749874e-05;-0,0001375386467591906;19,65048175055358;2,764580654402527e-06;-3,081200631862965e-08;-0,00022270652199478597;19,6176425492441;-1,2100762088852703e-06;-4,279247506398866e-05;-0,00013483108949704104;19,65153654023329;-4,015636193388954e-07;-5,10950341494565e-05;1,204825429204064e-06;19,666916613853836
48794,15364099512;426,56480693650406;126864,79946658733;-6,936752378671525e-07;-2,6960919757846595e-05;1,2698133032753975e-05;21,13332005367221;1,1300275806550064e-05;2,889228091824782e-06;-1,9836567431505497e-05;21,118556097863518;1,4939254927244437e-05;-2,0484110052182023e-08;-4,558451171892967e-05;21,09003928026015;1,1425623919249437e-05;-2,5051213109488996e-06;-1,7723053310924807e-05;21,118413737980738;1,2235796443298232e-05;2,750809026540723e-05;1,2634981567710887e-05;21,133533410930024
45755,11945346673;2972,9755990102994;118963,3105790135;-1,78407449109678e-05;-0,00010376019393106123;2,5506345414905272e-05;22,720911521092898;2,459629174660228e-05;-3,499108057021558e-05;8,841710748113474e-05;22,70343794630505;2,8493271554091093e-05;-4,900932516681031e-08;0,00011645468719167033;22,669335022345166;2,471274913397381e-05;3,531963401903885e-05;9,103267462416405e-05;22,702511748951608;2,488837093077742e-05;0,00010427961662120766;2,5413834062899762e-05;22,71837623848744
53121,214222612165;39,34362684101509;138115,15697879164;1,180580155468594e-05;2,481085592070927e-05;6,19467871080441e-06;20,181885692260128;3,872737238298718e-06;3,095282184779026e-05;-0,00010210072822423423;20,167726585835908;8,133317795375374e-06;3,5298951549122586e-10;-0,00017108254323144455;20,138626138824968;3,947348220799311e-06;-3,0439844172001363e-05;-9,968263293631236e-05;20,168734646065275;4,342159910807866e-06;-2,4162697102640132e-05;6,072529372373997e-06;20,18213743242391
48423,34046113348;133,03614506356513;125900,68519894705;1,8803970698844607e-05;5,9323414789858556e-05;-1,2946087913573379e-06;19,492899540005432;-3,9126191620774665e-06;4,478122945972621e-05;-0,00014105110205050306;19,478922891015003;-2,8561913480094273e-07;-8,415268306794822e-08;-0,00022500617845517198;19,4523861258317;-3,840942311386584e-06;-4,427631694317471e-05;-0,00013785038889622673;19,47977022986899;-1,8114785907951056e-06;-5,8452528223265443e-05;-1,3529320140419276e-06;19,49315308530406
50915,564214303704;626,6523015866499;132380,46695718964;-3,3350609639061012e-06;-3,856166824591794e-05;1,4485460381416635e-05;21,313943314429586;1,3195917999887764e-05;-2,726117148075485e-06;-3,57198362903266e-06;21,29757765445331;1,658888350117834e-05;-5,156241108703563e-08;-2,140209694369235e-05;21,262218166330364;1,3263380742728908e-05;3,034616843262201e-06;-1,4440432165815636e-06;21,298317724704376;1,4135726323098004e-05;3,9079336190118004e-05;1,4436935149275811e-05;21,315238257353762
52258,696229943664;206,86540074269246;135872,61019785353;4,404103173571043e-06;-4,082251984495006e-06;9,127845738344655e-06;20,667927519453652;7,468194018492713e-06;1,381840139751388e-05;-5,142832183496801e-05;20,65335370204202;1,1098122622461653e-05;-9,665616948730554e-08;-9,238630062802374e-05;20,62250309515265;7,479782377161671e-06;-1,3551938651175256e-05;-4,916910872935436e-05;20,653639670036153;8,143317960088077e-06;4,592369776027408e-06;9,116172951977993e-06;20,669341026755486
44844,50201183464;1870,044920934309;116595,70523077007;-1,5706292743353852e-05;-9,289016226800323e-05;2,276057217794339e-05;22,214439495914572;2,2242461314298598e-05;-2,9787012464250892e-05;7,40621688211733e-05;22,200066841978895;2,5579541893775038e-05;-6,259664558482214e-08;9,542661223843348e-05;22,168400026194497;2,2302755571189583e-05;3,0137463649808284e-05;7,67273074209491e-05;22,20004244209217;2,3171963277300965e-05;9,348640655182902e-05;2,27082605093491e-05;22,21466633144762
49397,74708452712;1602,2126870150403;128434,1424197705;-9,551334462415331e-06;-6,936238114799571e-05;2,078711594327424e-05;21,785328830195084;1,9509354096920858e-05;-1,6253108905048765e-05;3,315565140570335e-05;21,770782041940624;2,388800013798247e-05;-4,65527621901055e-08;3,2247402460330495e-05;21,739862430401736;1,9678728497795386e-05;1,6687752468443733e-05;3,603588641892843e-05;21,770761774398526;2,0151080593657908e-05;7,003871134965344e-05;2,071108322123679e-05;21,785815884113635
46934,49949165406;388,0724926622152;122029,69867830056;2,2896862369041874e-05;7,991183296490429e-05;-5,345285586769098e-06;19,003573785148067;-8,507291507304843e-06;5,3290206535617994e-05;-0,00016321211309929798;18,988088303541357;-5,615707210821994e-06;1,184609525390967e-08;-0,00025737121643469563;18,95699975550815;-8,308952306129876e-06;-5,283636319007928e-05;-0,00016144354693152263;18,988016042734042;-6,0075738197607845e-06;-7,939882141009816e-05;-5,481269637695994e-06;19,002817698960552
50083,98976533079;2700,4881345555295;130218,37338986006;-1,6915615631528506e-05;-0,00010053651475621812;2,5145721051969608e-05;22,51914796501127;2,4090290872075566e-05;-3,2598576444618366e-05;8,122559339732647e-05;22,50314188983726;2,8029280342950804e-05;-2,9513722811254857e-08;0,00010508594410869922;22,469832898781775;2,4275975090564364e-05;3,305614357286753e-05;8,412470198553403e-05;22,50316632276472;2,4848359172759754e-05;0,00010129256408692191;2,5002452438129844e-05;22,519107999445342
47632,33538636225;358,12432110625326;123844,07200454184;7,353628177272124e-07;-2,203569472998306e-05;1,2470019451060123e-05;20,910006258990187;1,0758334044141927e-05;6,3185583770155905e-06;-3,0376712076641296e-05;20,8963994958335;1,4408830825236847e-05;-5,105371065292712e-08;-6,213260825121117e-05;20,866706475193233;1,087648291894808e-05;-5,9237487424564835e-06;-2,7953894405724886e-05;20,89627319529734;1,1765835525601192e-05;2,265200379307618e-05;1,2416951138007699e-05;20,910517507299076
52793,15662520402;158,68162206573905;137262,20722553047;2,008074119368896e-05;6,329428002618894e-05;-1,3130711002844427e-06;19,44056498633251;-4,230242155546999e-06;4,810491857082171e-05;-0,00015073691474007983;19,422986491983472;-5,232434869041388e-07;7,160563336450047e-09;-0,00024142034073650084;19,387851752630333;-4,108423976850975e-06;-4,7488248498031976e-05;-0,00014803648164286228;19,423722874289393;-1,84319766995321e-06;-6,241190456675042e-05;-1,4489458461972584e-06;19,44125045207437
45385,7395258473;1296,9325560735624;118002,92276720298;-1,047744056155232e-05;-6,770691654212547e-05;1,8367319525049074e-05;21,888273620587267;1,7625237864914612e-05;-1,88157814356519e-05;4,348403269330714e-05;21,874531962945476;2,0835202093467364e-05;-4,095067499563964e-08;5,0977160873008684e-05;21,847568844334493;1,7739912797024795e-05;1,9158977989460464e-05;4,582227319666149e-05;21,874675549528156;1,8057671122968746e-05;6,825372821003023e-05;1,8297754855432577e-05;21,887809343063314
49111,70591763383;89,57093415796811;127690,43538584796;7,229908414975331e-06;9,043689268535109e-06;6,380391452182575e-06;20,3534228477705;4,314646679030534e-06;1,9455724116131286e-05;-6,72796264604817e-05;20,337298290506684;7,483206566752318e-06;-7,234701203465807e-08;-0,00011469423833142783;20,30313537318855;4,296671241756529e-06;-1,902364083162406e-05;-6,467603663615612e-05;20,33861855094563;6,272100795496588e-06;-8,33940599094288e-06;6,299550138538529e-06;20,355074912426602
51611,3090955451;4125,19887732119;134189,40364841727;-2,5818242625066037e-05;-0,00014244621543546917;3,296667407375456e-05;23,059791255337323;3,305059982900333e-05;-5,069618612423005e-05;0,00013187702619347496;23,0470501553932;3,765450266418968e-05;-4,042900133806471e-08;0,00017724661549203398;23,018462450080808;3,3238786012937614e-05;5,100378475079707e-05;0,00013409556437150082;23,04690712618241;3,228801058427429e-05;0,00014294635743658827;3,2887621498076716e-05;23,059998979658392
46286,88652927155;720,0488584898034;120345,90497610603;-3,4556487100919936e-06;-4,125521343268004e-05;1,576359085027911e-05;21,342481845560012;1,4221905531748105e-05;-2,9204146543509495e-06;-4,316315012639217e-06;21,326703316736623;1,7984252728542632e-05;-4,417482772710792e-08;-2,32373933638692e-05;21,29013430028134;1,4341932170314658e-05;3,3396961076317586e-06;-1,6980612699189292e-06;21,326237082515785;1,5212156843783517e-05;4,18867759700878e-05;1,5686688106776977e-05;21,342393873659454
53665,17681831025;23,671441726490205;139529,45972760665;1,3307744103890219e-05;3,360879897244842e-05;3,86387211829528e-06;19,96997138189181;1,463341556222395e-06;3,3521093820889066e-05;-0,00010855294838992524;19,956469589382937;5,476812484362992e-06;3,630384152125813e-08;-0,00017867125664589888;19,93032833559667;1,6695457337010371e-06;-3,2922122647481514e-05;-0,0001061065039857045;19,956775855352404;2,4158272358706334e-06;-3,284698678362218e-05;3,7230512390799953e-06;19,970158044966418
48054,41570942811;42,892792622384285;124941,48084451309;1,4759978265185107e-05;4,25543464562593e-05;1,0238854802059028e-06;19,75098791983821;-1,723065724692695e-06;3,586716780535758e-05;-0,00011425275536210621;19,737221683366553;1,4011380647254139e-06;-5,1954927533714346e-08;-0,00018479665965504146;19,706217526160668;-1,6504916220938117e-06;-3,541607220488653e-05;-0,00011168430658794894;19,737252477394534;6,501826271747122e-07;-4,1833426208127084e-05;9,396364304184257e-07;19,75225421538369
50508,769877936065;820,8706342269837;131322,80168263378;-4,550242027716234e-06;-4,749753773158209e-05;1,7588236781994234e-05;21,56046642011098;1,635080199730311e-05;-4,4866001032466285e-06;-7,174582604235395e-07;21,54620253712295;2,0713624525962788e-05;-4,5609486570016345e-08;-1,9467039194251582e-05;21,51536929957348;1,6526649837077003e-05;4,924303988041147e-06;2,079325045741986e-06;21,545589144500003;1,643374835558848e-05;4,815267997039116e-05;1,7486026861212404e-05;21,561287029908154
45193,45715298049;3342,8292491004977;117502,98859774928;-2,149608087391854e-05;-0,0001205945069017631;2,8520330433786623e-05;22,966619794136292;2,7992510898450223e-05;-4,243094735914597e-05;0,00010945444402652113;22,95116118297854;3,195180246705616e-05;-4,0051562450939476e-08;0,00014698456445234144;22,920012842613694;2,8138804994182547e-05;4,276783899555585e-05;0,00011204611168761395;22,951627948281182;2,7771143747457763e-05;0,00012119509639655681;2,8443150673745303e-05;22,966273922808274
52598,776768786556;115,77362215908401;136756,81959884506;6,739711267704515e-06;5,862554293834858e-06;7,5458614315278764e-06;20,442017669349717;5,410219518704688e-06;1,891951823252637e-05;-6,600725619076465e-05;20,42749582919705;8,960729021361271e-06;-3,222505781400089e-08;-0,00011427622435398479;20,39612021434665;5,486153411452211e-06;-1,853013208859188e-05;-6,370665961290765e-05;20,427121639770984;6,734660155576102e-06;-5,281534245954937e-06;7,482659714966454e-06;20,44154208297172
51496,41423777166;2672,888940611003;133890,67701820633;-1,5250907999442864e-05;-9,288288012767674e-05;2,3335947917416235e-05;22,062498049794325;2,230747505531696e-05;-2,9593402316809905e-05;7,26107357778079e-05;22,047159742321774;2,590558257319274e-05;-1,5177078546795868e-07;9,238353442372221e-05;22,014840927028644;2,224950110094577e-05;2,9699543623633608e-05;7,473746185177033e-05;22,04811249889694;2,3972274271360848e-05;9,32351424500535e-05;2,3362541481537784e-05;22,06414964183364
48994,09244825884;196,37573281160573;127384,64036547298;2,057566477762344e-05;6,766382742101414e-05;-2,2289263493913103e-06;19,26557867928863;-5,045229731208636e-06;4,9005541705114524e-05;-0,00015211981722807114;19,25202709521043;-1,480884137654519e-06;-8,951946345356481e-09;-0,00024249838919175717;19,22321446197279;-4,90032164447027e-06;-4,853332529858763e-05;-0,00014999602599391414;19,252887278577184;-3,8409090543275315e-06;-6,707118471468187e-05;-2,361901888840963e-06;19,266242174663223
54164,625834407336;324,86547090453666;140828,0271694591;3,961858427574969e-06;-1,058027203996242e-05;1,217841618956813e-05;20,937511704854035;1,0598565015985478e-05;1,3990580538750939e-05;-5,446179548781864e-05;20,924038512723754;1,535751033625547e-05;-3,314996675678182e-08;-0,00010033108808771416;20,89513330367392;1,072257810924098e-05;-1,356460850753633e-05;-5,1729556865075305e-05;20,92366015261939;1,0311230419882507e-05;1,1258470052188138e-05;1,210560997245089e-05;20,939335323823
46788,45185098145;2526,0008545583028;121649,97481255178;-1,9560784947404627e-05;-0,00010984235196312102;2,5410258378704732e-05;22,489942588214486;2,50115991914045e-05;-3,804239059024208e-05;9,796275423391516e-05;22,474715122705295;2,8249179574635537e-05;-4,131324932054229e-09;0,00013075733058672952;22,439663453707585;2,517660606571376e-05;3,8351775799448214e-05;0,00010020696737428945;22,473608771953447;2,5927695796719697e-05;0,00011036608691686432;2,539468857538474e-05;22,48985186140503
53623,99297914119;328,57692437343206;139422,3817457671;2,2702663830067834e-05;7,617047409674056e-05;-3,8143710161302844e-06;19,175781057070772;-6,827133947666252e-06;5,3685493857991e-05;-0,00016646275832645708;19,159470009964068;-3,1699528355549716e-06;-2,774275543183419e-08;-0,0002642099867191745;19,122440614800507;-6,627563713181293e-06;-5,318671281862847e-05;-0,0001640404108799316;19,158213131854925;-4,424244062956148e-06;-7,557671345101693e-05;-3,914582518529507e-06;19,174188123214904
46255,8007264451;882,3547766365645;120265,08188875727;-5,919940364362999e-06;-5,084120413681662e-05;1,7146277297263546e-05;21,613586192022264;1,5848646884409623e-05;-8,174291755979683e-06;1,127637953271264e-05;21,60074124398981;1,98866089699702e-05;-2,8502432760568686e-08;3,340868342182935e-07;21,572279111183935;1,6029093825516684e-05;8,593978465053137e-06;1,3748622438989563e-05;21,600271684294896;1,609074091472948e-05;5,15003336415165e-05;1,704215207799865e-05;21,614981029486263
50799,18300180999;2146,4432553157717;132077,87580470598;-1,4298496658275859e-05;-8,982013835009652e-05;2,3755665827745232e-05;22,262897684622374;2,2777207094314695e-05;-2,6350492187493985e-05;6,280797217286333e-05;22,246497553664813;2,6739773294766297e-05;-6,066900891039801e-08;7,599170023710869e-05;22,209331697883663;2,292867692567059e-05;2,6621525672373718e-05;6,508953911135748e-05;22,246620760194734;2,344962901609434e-05;9,02808467126231e-05;2,368248910892557e-05;22,263592136198156
48309,65903817917;205,37867583880282;125605,11349926585;3,184358250224796e-06;-8,289888083667975e-06;9,073068982361064e-06;20,62887363693344;7,009712026891088e-06;1,0765286508758138e-05;-4,162524119480501e-05;20,615476590485613;1,0243951584421574e-05;1,0791488763537057e-08;-7,61638397227708e-05;20,58807896495174;7,181365827223454e-06;-1,0224108884297567e-05;-3,90625998993062e-05;20,61551243480891;8,755170537798112e-06;9,05516147369446e-06;8,972145998827379e-06;20,6286172438662
44651,299122490884;629,1285090899038;116093,3777184763;-2,8400421146229246e-06;-3,482672996780299e-05;1,2914267554091548e-05;21,07780061966706;1,1273857781688607e-05;-2,8685028923027614e-06;-2,5902378526332286e-06;21,06134556473582;1,4291444777725812e-05;-3,2659400829554525e-08;-1,7288970403178092e-05;21,026970479823213;1,1374941606426915e-05;3,2683006119405122e-06;-1,2634621119527647e-07;21,061670610955364;1,34845745606637e-05;3,5453892324040736e-05;1,2823909590572927e-05;21,078241268552436
52067,60964621272;42,23262755225714;135375,78508015306;1,6145816815656662e-05;4,6046529983362446e-05;2,1156352838745453e-06;19,7258348727334;-4,896580279848754e-07;3,9902006001014e-05;-0,00012665367522431172;19,711865419451463;3,4608828645950096e-06;1,8237947667767014e-08;-0,00020630450700280975;19,68283833562105;-3,2312810602961573e-07;-3,940077744333631e-05;-0,000124508538878715;19,711626505102128;1,188997584819076e-07;-4,543803672640751e-05;2,011305853509872e-06;19,725305923736993
47360,47539339519;29,63052406091687;123137,23602282749;1,1521903225093052e-05;2,590270308985982e-05;4,619143380054046e-06;20,098104631737694;1,983390514645011e-06;2,941672726317812e-05;-9,698323245546234e-05;20,0809543067156;5,774673827210302e-06;-3,52794717515253e-08;-0,0001609975153945958;20,044177130464504;2,086489156721404e-06;-2,8966855850318814e-05;-9,433942244296621e-05;20,080767462831783;3,926689737458079e-06;-2,5249820484952422e-05;4,530489957838818e-06;20,097749892641186
49821,00437466669;3569,9016404799036;129534,61137413341;-2,397967809738568e-05;-0,0001320474966737016;3,036612200792271e-05;22,808590298977336;3,0274953764421338e-05;-4,704173580670848e-05;0,00012207430882538232;22,795496350339796;3,442463360840184e-05;-9,338294325821515e-08;0,00016485478152324746;22,767487864642035;3,046340329722032e-05;4,733836379303298e-05;0,00012487722758041216;22,79494606125397;3,00739624155063e-05;0,00013256181472602203;3,0271476706613913e-05;22,807456006395746
47088,177548531225;3848,348941944754;122429,26162618119;-2,2331069899319775e-05;-0,00012470079208183187;2,903436964576194e-05;22,78198814743355;2,8591907761195176e-05;-4,460897329595961e-05;0,00011563736666916654;22,768016301150798;3,255814721612905e-05;2,2030202332232574e-08;0,0001563638051714537;22,738092948208287;2,8646610650982545e-05;4,50211676242163e-05;0,00011823482585498025;22,767634570294156;2,8840829447406546e-05;0,0001253751128394647;2,9060437892468626e-05;22,783146350190304
49548,78174452764;29,446570130111855;128826,83253577186;1,1782544040116508e-05;2,6289264285962274e-05;5,3529600341082185e-06;20,136286981682783;3,042644762033936e-06;3,053832342938849e-05;-0,00010053303722497215;20,121718629454428;7,141678357716954e-06;-5,0589944183428234e-08;-0,00016736804973111003;20,088695369312546;3,204474982221251e-06;-3,007994138451444e-05;-9,802935653702613e-05;20,122066728674948;3,7618561085097465e-06;-2,5629912876795872e-05;5,226589515485563e-06;20,137648982652074
44995,76253658094;48,24014784752986;116988,98259511046;1,4872380877250518e-05;4,388589169867576e-05;9,694193263094368e-07;19,69132286759108;-1,3985749901076007e-06;3,643780692492519e-05;-0,0001155088055263593;19,679158109155864;2,1686378983915913e-06;1,1619963024220246e-08;-0,00018712960701243664;19,652644250573335;-1,239958509084313e-06;-3,596461381250009e-05;-0,00011352610168801783;19,67869881145641;-2,7443306064558817e-07;-4,336849009306169e-05;8,405615104252402e-07;19,690532579074187
52412,14842207505;627,3381592473262;136271,58589739513;-2,396400343298913e-06;-3,585152991026724e-05;1,4190245873764768e-05;21,13384913793334;1,2267630151808761e-05;-8,918951463028372e-07;-9,437680480152705e-06;21,116451682919088;1,5524401210936025e-05;-7,062710967333704e-08;-3,021998257479222e-05;21,07804168520671;1,2402875296255238e-05;1,2809724622985081e-06;-6,917767091339189e-06;21,11692559350695;1,4577626708755081e-05;3,6516852076111384e-05;1,4116044212377996e-05;21,134946290644148
51066,58718403906;219,5100156983995;132773,12667850158;4,146956448774252e-06;-5,060720507772185e-06;9,13062509917818e-06;20,627792805381983;7,394490977912982e-06;1,3154207345222121e-05;-4,93619840784547e-05;20,614835559439033;1,1115589617276017e-05;2,4537209687689266e-09;-8,909313936856374e-05;20,584963501371934;7,576000134007255e-06;-1,2751025435205464e-05;-4,7192494868535125e-05;20,61372313556249;8,377522028839616e-06;5,5874505465840015e-06;9,051625371375106e-06;20,627261623604138
48577,13843513316;1679,5116050005465;126300,55993134622;-1,3982673526521767e-05;-8,651813040379516e-05;2,2328029148916757e-05;22,307883910406876;2,1597723679807228e-05;-2,5438400599928476e-05;6,106254602802597e-05;22,292221032763734;2,5247165504523627e-05;-3,8927719416878716e-08;7,431102665259398e-05;22,2575159507729;2,1830877134257014e-05;2,5797525322019287e-05;6,332229684561711e-05;22,29203853017481;2,2497459039124933e-05;8,709136738220801e-05;2,229773039095605e-05;22,308161678296916
53274,63575536888;1172,1323502906282;138514,05296395908;-4,953973646089348e-06;-5,040249473157543e-05;1,8708498585243005e-05;21,614897597277846;1,744200933197137e-05;-5,58744911636405e-06;1,9419814476916807e-06;21,601161378773742;2,2275228444297553e-05;-7,111236215643487e-09;-1,6531856500272468e-05;21,571079350531253;1,757033744756153e-05;5,956104714161985e-06;4,258529162309007e-06;21,600178195142107;1,6868938870338176e-05;5,090692634077948e-05;1,8652918224965793e-05;21,613260127548866
45906,51886444506;257,97570001296697;119356,94904755717;2,0911755564539347e-05;7,074609526484251e-05;-4,217727120160376e-06;19,22467271248786;-7,575176810785233e-06;4,851215310551547e-05;-0,0001496608319860229;19,20803031083271;-4,866938880037715e-06;-2,3496234334847734e-08;-0,00023624513565678265;19,17346686424721;-7,412610821389291e-06;-4,80101514781663e-05;-0,0001473785047115759;19,208748137359915;-3,958863019681401e-06;-7,007978502276908e-05;-4,322166297760282e-06;19,22425869615859
53820,23939961052;3141,5962829910413;139932,62243898734;-1,9172219055611312e-05;-0,00011185976569230305;2,7425812185705567e-05;22,46248942329559;2,699414390154945e-05;-3,691633267171087e-05;9,263803600196582e-05;22,447311102303427;3,1067092321433084e-05;-6,256363244908446e-08;0,000120301676371117;22,417418861731594;2,6992283077393525e-05;3,716103265922854e-05;9,507308736722451e-05;22,447983270013488;2,7141103739149086e-05;0,00011237267342172466;2,7443754479292178e-05;22,463093784928695
46443,83962496253;347,76213209682913;120753,98302490258;8,757895613572038e-07;-2,0765100643201508e-05;1,2040337512643852e-05;20,98293201328615;1,0230135551594103e-05;6,365457674482074e-06;-3,0437842704012207e-05;20,967546058225583;1,3894938280956717e-05;-5,345043981928248e-08;-6,113043256032052e-05;20,936495001661086;1,0351761943776683e-05;-5,8922900608624424e-06;-2,7496587412568737e-05;20,968081838362718;1,1411791155384017e-05;2,1517880793767275e-05;1,1943486500287442e-05;20,983208850900553
51768,78920897623;212,74459352557145;134598,8519433382;2,0944241773729395e-05;6,826203251087927e-05;-2,1011982833718217e-06;19,24741322340053;-4,71714074982863e-06;5,0141816277780185e-05;-0,0001563379758161483;19,231964796104794;-8,229417085708299e-07;-2,0152842091159282e-08;-0,000249499612014905;19,199502238368737;-4,665495602443571e-06;-4,9581060154137624e-05;-0,00015372726252354269;19,2325542433383;-3,434363087880972e-06;-6,750574471994711e-05;-2,2300312602042863e-06;19,248090097359338
49266,241481193945;2152,4888103281846;128092,22785110427;-1,511368984924907e-05;-9,032579038423007e-05;2,254446540400703e-05;22,093154378369853;2,1864469036078978e-05;-2,8718888160309836e-05;7,111961437863448e-05;22,079965341875855;2,5251049749274825e-05;-5,114108556115182e-08;9,058449967883386e-05;22,04957392131318;2,187914357881317e-05;2,898310894405537e-05;7,308046624894661e-05;22,081241518720194;2,2645085244186734e-05;9,077933720906578e-05;2,2531857290002847e-05;22,095198293395793
45542,887826909384;140,77983704824914;118411,5083499644;4,977330008766201e-06;6,260784183105519e-07;7,1263488238780035e-06;20,436139518291277;5,107833908674952e-06;1,4189071892166764e-05;-5,09596373660627e-05;20,42142131184715;8,068854199890744e-06;6,126857772495327e-08;-8,945696398132507e-05;20,389647700781502;5,289387353553145e-06;-1,3688570163844884e-05;-4,8955718812771005e-05;20,420460016570836;7,135519416815951e-06;-3,310037212855557e-08;7,0235944986304146e-06;20,43540073612951
52947,981651493355;3354,4425682394444;137664,75229388272;-2,2275236763697646e-05;-0,00012704732842828097;3,057585743620291e-05;23,02616957742304;3,018550057754303e-05;-4,2749561935132934e-05;0,0001088140650267686;23,011955778018763;3,486425464503569e-05;2,840496757993901e-08;0,00014298641410664942;22,981817883232672;3,0436852063285662e-05;4,3240901420704315e-05;0,00011154874783556512;23,011158270608593;2,9940329247481287e-05;0,00012772785120121168;3,0479091367775217e-05;23,02462526300461
47787,085124402984;853,440672392648;124246,42132344776;-4,275553479329055e-06;-4,530208208166951e-05;1,706699163013691e-05;21,551076161677745;1,5581427562151376e-05;-4,335006494087589e-06;-5,216816534768398e-07;21,53632610971106;1,9813192710357452e-05;-3,006811987863941e-08;-1,818572671308037e-05;21,503576584843476;1,5797000884257126e-05;4,812912685549956e-06;2,2309323937425313e-06;21,53544838311708;1,55249131289526e-05;4,6013993116475146e-05;1,6960694279008782e-05;21,550886649806444
50241,21335464148;32,01125364711889;130627,15472206785;1,445018943114564e-05;4,021207752995609e-05;1,929049536968409e-06;19,80696001086313;-9,357000122109714e-07;3,542024720396457e-05;-0,00011305459098569375;19,792670433360488;2,338915154052367e-06;-4,431575042454564e-08;-0,00018395933543590806;19,763267632278293;-8,643224312460561e-07;-3,4986349099554345e-05;-0,00011064976950921945;19,79291690526107;1,0730107579789243e-06;-3,958168904669832e-05;1,8538770018478506e-06;19,807633387003126
46636,13140886041;18,645620729678893;121253,94166303707;1,1622157092259555e-05;2,9311465074323888e-05;3,2273192261772044e-06;19,972266008299773;9,800446586609808e-07;2,9228421057817724e-05;-9,504432880451077e-05;19,9593425771059;4,387589318531721e-06;-2,324022682915333e-08;-0,00015597463700484036;19,930112441959405;1,1379053483772745e-06;-2,8765513952033726e-05;-9,251049270689334e-05;19,958768994411734;2,233655367055685e-06;-2,8643643224665578e-05;3,1413069787047064e-06;19,97361785198515
54014,647489121206;736,3315212085353;140438,08347171513;-2,7894837817109487e-06;-4,186394575541501e-05;1,7151430702964412e-05;21,389563754874125;1,52876324607612e-05;-4,45875917753769e-07;-1,2876987372641767e-05;21,373700880771885;1,9748743882776434e-05;-5,3797467296107374e-08;-3,940577946166472e-05;21,338874687431588;1,555242944088173e-05;8,306308519629732e-07;-1,0465559221312643e-05;21,3734962207655;1,6553133066450273e-05;4,247488414446254e-05;1,705788730854898e-05;21,390804315032877
48844,189391221305;4280,374411680407;126994,8924171754;-2,4132277997114998e-05;-0,00013462774411099768;3,175998104394378e-05;23,05440611820862;3,141801396961942e-05;-4,793173993115755e-05;0,00012380459668675503;23,04090437293588;3,5992788091423165e-05;-7,713642502675987e-08;0,00016693926945922783;23,01251914252162;3,1550617862995875e-05;4,8209737602814715e-05;0,00012669522112775754;23,0399892600931;3,062554085392047e-05;0,0001351937965776227;3,1748633619965e-05;23,053677390480185
51344,01850740204;88,38166741887977;133494,44811924532;7,318527978881616e-06;8,811119638722676e-06;6,854444436173015e-06;20,408171547128344;4,504428866309964e-06;2,0086436749696657e-05;-6,910385111538831e-05;20,392184831437056;7,848107473813725e-06;-2,4562233776766202e-09;-0,0001183938121066829;20,355760750355394;4,65274328860771e-06;-1,9627280435524432e-05;-6,675046072713226e-05;20,390763263975906;6,196696107868023e-06;-8,237101842698723e-06;6,780334237087345e-06;20,406305486290698
52448,50440230304;1622,092159911862;136366,11144598792;-9,589349627391823e-06;-6,744884815356331e-05;1,9755616168581073e-05;21,864882244969714;1,8674875152003354e-05;-1,6577642459856596e-05;3,533463261863307e-05;21,85068655001709;2,256290681731355e-05;2,7144208385039254e-09;3,663350323392276e-05;21,82106237712527;1,8688800191742238e-05;1,6990383674378995e-05;3,78377465469931e-05;21,85171758155648;1,9055746803189614e-05;6,808803874997745e-05;1,9697766069376935e-05;21,86585326085571
45041,313094168414;126,3977928168312;117107,41404483787;1,796985924430475e-05;5,739168367615357e-05;-1,6751618081206827e-06;19,48195545505723;-4,597135111129449e-06;4,2596388845848346e-05;-0,00013321640721443716;19,465558146557832;-1,780554646488749e-06;-6,736227282142251e-08;-0,0002125202149628691;19,433237280804587;-4,648643713413491e-06;-4,217667218192892e-05;-0,0001309090555591879;19,46775341509862;-1,8248314737609767e-06;-5,675519138854541e-05;-1,7983251509083e-06;19,483155956185833
50356,098801383836;342,3870439394659;130925,85688359798;2,5090988707425423e-06;-1,546590504850573e-05;1,2163184533352109e-05;20,868618701731503;1,0559216945286835e-05;1,0372549888833422e-05;-4,313297789464929e-05;20,856263572092473;1,4865597512870468e-05;-3,219213611721575e-08;-8,210164666529799e-05;20,832059298211547;1,0657617136865678e-05;-9,925912472688983e-06;-4,050708511790478e-05;20,85617008606039;1,0845306395513038e-05;1,6113961390935756e-05;1,2081972286213079e-05;20,868647301211304
47904,67036068475;2154,66691307232;124552,14293778036;-1,6399890772426896e-05;-9,652413633726033e-05;2,3658420031043614e-05;22,58031477142198;2,3076689589260064e-05;-3,1152206058358266e-05;7,791601045989821e-05;22,563318982020718;2,6490275061840657e-05;-1,3885788498012353e-08;0,00010055229193793748;22,52285875731722;2,3237940355984294e-05;3,156713945226616e-05;8,032498415695215e-05;22,562490499599463;2,3913152285576476e-05;9,713644327974845e-05;2,3564430286315994e-05;22,58084703977302
49665,19119011457;444,03330714972657;129129,4970942979;2,304112270084086e-05;8,004466946868196e-05;-5,0523423466093775e-06;18,988485655959362;-7,76291583214957e-06;5,4289740457588495e-05;-0,0001670174821819921;18,973611454102343;-4,3516766880077244e-06;-2,0563793870627842e-08;-0,00026405774778547644;18,9421425032511;-7,677811546647905e-06;-5,385058291005723e-05;-0,00016494579900885805;18,974070380426973;-6,052246710139556e-06;-7,950079471746075e-05;-5,154577705524897e-06;18,988432651321936
47201,8683825166;1294,993390365693;122724,85779454316;-9,991054826524425e-06;-6,947952866503074e-05;2,0033743963663318e-05;21,845573037699424;1,8936674727819247e-05;-1,7039341890845496e-05;3,639107241781317e-05;21,831045925108764;2,283130893511844e-05;-7,977057323882437e-08;3,768691556699858e-05;21,799714870781887;1,9135071155620125e-05;1,738658179456887e-05;3,9001732347640194e-05;21,831148227070795;1,9664696094334724e-05;7,007663998463495e-05;1,9915700595725536e-05;21,845486419172218
51909,3790765771;2484,2477164623606;134964,38559910047;-1,5413328793737177e-05;-9,54237354259013e-05;2,505782198115265e-05;22,211351099646883;2,4083933099885414e-05;-2,8683455433477467e-05;6,893995148414268e-05;22,1964764115686;2,8283508513673186e-05;-7,906428502923303e-08;8,510195018015709e-05;22,162851324044848;2,4202382049187472e-05;2,9004871006405166e-05;7,173373473344844e-05;22,196060589064643;2,4304431517305178e-05;9,594822324426248e-05;2,501884087154628e-05;22,209589099416057
44495,1094966958;226,63768599373773;115687,28469140908;1,5880680619482392e-06;-1,3567895288820434e-05;8,976527324742393e-06;20,726926800343932;7,127808839670797e-06;6,784203172928294e-06;-2,9417020155270783e-05;20,71302131910119;9,85932398113849e-06;-4,9359518430231524e-08;-5,6846268423331174e-05;20,6839922039458;7,2151797714275276e-06;-6,451515757129558e-06;-2,7310317517494333e-05;20,713380475692006;9,395770832082296e-06;1,4127300454744472e-05;8,925638255305106e-06;20,728242698289506
48151,15312236095;640,675437611207;125192,99811813846;-2,8221278288275887e-06;-3,527206087780896e-05;1,379905253721245e-05;21,27594635337441;1,2458433343861356e-05;-2,04597036199866e-06;-5,489513899244499e-06;21,26182352190326;1,6032899122765422e-05;-5,9043466291763573e-08;-2,3137470773254132e-05;21,23188057749601;1,258729338369314e-05;2,3748302175593195e-06;-3,173963310075893e-06;21,261612198926034;1,3119355373524344e-05;3,5777811293342246e-05;1,372499484682753e-05;21,275979832039802
50643,30166080626;94,95381519268508;131672,58431809628;1,855637290584482e-05;5,709956365529014e-05;-1,9999517463120907e-07;19,54066610899614;-3,289433196431606e-06;4,461961991286295e-05;-0,00014002730240079373;19,52446626960542;2,1044504586481503e-07;-1,403514939948246e-08;-0,00022494305894439284;19,49181607386074;-3,1527974954678472e-06;-4,405346501663051e-05;-0,0001374195215697217;19,524333684842993;-1,3572272798009532e-06;-5,637158172527915e-05;-3,3200613653109535e-07;19,53994837488016
46099,69352069559;41,05956222872082;119859,20315380854;1,008022569862358e-05;2,0146005940832275e-05;5,306594250748103e-06;20,1691246040277;2,61987573461723e-06;2,614365978552282e-05;-8,707052897157952e-05;20,1546060136724;6,314867504412574e-06;-1,57280483764436e-08;-0,00014557849164677998;20,121348950868324;2,8941246059815546e-06;-2,5585693688161956e-05;-8,4539491754528e-05;20,15367125183338;4,877103240587169e-06;-1,9482526065840677e-05;5,142209798143044e-06;20,168072880017203
53465,71292806875;2821,382314670427;139010,85361297877;-1,84730234898711e-05;-0,00010893334197111376;2,7254334665408078e-05;22,75157079226665;2,6855250007187464e-05;-3,491235976753462e-05;8,688791158995833e-05;22,737926375165472;3,1232240560241305e-05;-3,0688834173594146e-08;0,00011104260317176554;22,707513294616714;2,692401667181892e-05;3,524714532071389e-05;8,92396808877526e-05;22,738033510880186;2,6502737105786816e-05;0,00010947071257479753;2,7191867142652254e-05;22,751941517908374
51506,16150182617;618,3005811670942;133916,01990474804;-1,4471487737538844e-06;-3,1683547624126765e-05;1,4188900228166455e-05;21,18126156423636;1,249907948833477e-05;1,5123158329329345e-06;-1,6714103007561813e-05;21,16737266589276;1,64384809331532e-05;-1,613072341474926e-08;-4,198047084465899e-05;21,135322329394317;1,2721553780993598e-05;-1,132156829622916e-06;-1,4551314770650673e-05;21,165977621147245;1,3264278552422238e-05;3,215783940676224e-05;1,4101996988503835e-05;21,1803624926377
49061,44430266186;65,25750243989017;127559,75518692084;1,775163433465896e-05;5,284512148389907e-05;6,681410612706468e-07;19,64087580882628;-2,4104807894263245e-06;4,294584275113525e-05;-0,00013547360577440543;19,626114338918175;1,4208362322470058e-06;2,9499814735817607e-08;-0,00021863894328353592;19,594811139087376;-2,1915708574953393e-06;-4,2345997411265934e-05;-0,00013296980582132458;19,625068847354882;-3,975327340551088e-07;-5,211349656044235e-05;5,468735608410656e-07;19,64024600656244
53769,6325909597;29,13847864439548;139801,0447364952;1,2781195669318249e-05;3,0058273062067714e-05;4,716797144931588e-06;20,060512727362944;2,5587233419791104e-06;3,2591289459926053e-05;-0,0001071963320336209;20,0453370339227;6,791434069748125e-06;-9,268880522544015e-08;-0,0001772004835278299;20,01500283393808;2,5900821886632083e-06;-3,21050001011534e-05;-0,00010424700361313877;20,046724224699926;3,6485290630147036e-06;-2,9275452869167243e-05;4,594569136774553e-06;20,061940910774474
46335,402214170055;3064,2879706584886;120472,04575684214;-2,1455991569192816e-05;-0,00011800701816277364;2,698776115352274e-05;22,854585135333185;2,686608608772705e-05;-4,232044038779246e-05;0,00011024306077025536;22,840258760143733;3,0390057605935957e-05;-8,297719273470472e-08;0,00014901179736378437;22,809162572355916;2,6914214487123903e-05;4,2504193747440703e-05;0,00011234207637305601;22,84055543658934;2,6960691188230223e-05;0,00011836976360221646;2,6922257165149236e-05;22,855252497342743
