l_r_i,l_r_e,n_nerv_ang,esp_nerv_ang,esp_base_pad
1.254691314683008,1.0983900014558574,17.0,0.0406565544129373,0.0575189505422867
0.9258239974055228,0.6559029738329906,14.0,0.0415309114962995,0.1107691141100647
0.8865351144689368,0.8856185214834078,20.0,0.0395943229730808,0.0953944680134809
0.3868874270144001,1.4502845486899902,20.0,0.0279290122075689,0.0680626371745422
0.4959499582327917,0.9616587668482296,11.0,0.0569983428489456,0.0482958830520812
1.3402309396777554,1.2527556933929296,11.0,0.0304155631665092,0.0936069964370586
1.1443450731380145,1.1920981973676117,14.0,0.0276374055633961,0.1023233696728726
1.0671441790473477,1.184147266303588,13.0,0.03355604916069,0.0753889301757975
0.2669367230435275,0.9582504287801848,11.0,0.0405085632630309,0.0499997899794147
1.2861654955203956,1.4710814510713333,21.0,0.0361208896138079,0.0849715669894218
0.7220075478215336,0.2643987094911542,18.0,0.0300450849158589,0.0854156286255505
0.4178634652403088,1.1987946931794262,19.0,0.0514119616560031,0.0984194512170107
1.233072160978479,1.2063813915127717,16.0,0.0592744981734284,0.046423793040285
0.4982723263634809,0.5507049601155857,17.0,0.019698243071573,0.1100149792374694
0.603062208205136,0.6292599463983285,19.0,0.0337410796727562,0.1004665258867099
0.2829900079068244,1.2117527650332849,18.0,0.0534856103419187,0.061870257190721
1.257969162608615,1.269475533602175,12.0,0.0398124945066353,0.0771287401677352
0.2976533774104061,0.5383540683384003,18.0,0.0213645354394191,0.1075433065990757
0.5326334978422219,0.4103290400663311,14.0,0.017056284662372,0.0646412842768152
0.6847809198459709,1.3003678802887293,18.0,0.0627669259208966,0.1049867233612858
1.1098404370973411,1.1872673884267173,18.0,0.0431132043713363,0.0980247518593339
0.8678748193187298,0.8781348677430226,15.0,0.0644348435700861,0.0810623594207629
1.4555215491335785,0.2798580824574611,13.0,0.037980156607652,0.0767515485838594
1.3849928098108562,0.3791858845903536,18.0,0.0264106806510215,0.0641330170820926
0.5103322800132262,1.121830382707903,22.0,0.051513095063335,0.107230931789802
0.5936537603301066,0.8190755446367992,21.0,0.0271114552050332,0.1067693202864812
1.2948094560661827,1.4847477686027166,11.0,0.035971463852802,0.0737065932989631
1.2483748289937222,1.0932716197142776,18.0,0.0458316866509353,0.0572675522763253
0.919722969919453,1.1334417871599825,18.0,0.0362982897320597,0.0812888888521877
0.9031323469139012,0.2764544582362938,19.0,0.0522414263698522,0.1120197580139592
0.3776441654799781,1.1627186865015409,12.0,0.0178614960548818,0.041483901485453
1.1670097817744296,0.5759682060344374,11.0,0.0498340988915639,0.08917235348767
0.4814166986098936,0.3524838780301564,13.0,0.0381373250732784,0.0886110889119552
0.864994229510987,0.6756147831018962,14.0,0.0214392426291489,0.0576901272350786
0.5901724445377199,1.3063173160160255,11.0,0.0351659100792913,0.1165116810147915
0.9310100806233828,0.5036391040403081,16.0,0.0506200930409099,0.060122062962058
0.9962799912731184,0.3688500379659049,18.0,0.0604126242685765,0.0696358408382864
0.4704614313347282,0.4564683896416155,21.0,0.0610136863169108,0.0579358608371906
1.478861092267377,0.9387098691140384,10.0,0.0348674083516881,0.0930722343645095
0.989653918508375,1.279711739752656,14.0,0.0221060115250373,0.0827692253503895
1.09000863770736,0.331647476801972,17.0,0.0525288396207813,0.0614169231135251
1.4482730202349663,1.4593798522977586,21.0,0.0454298835556797,0.0613638486105046
0.3791513577147236,0.7513786631120158,16.0,0.026874032461967,0.1152683685991298
1.456365929695366,0.5614957338920945,12.0,0.0194909961793862,0.1130280721501482
0.9453660805997396,0.8731207865537188,13.0,0.0465950681530732,0.1051915072373843
0.7846846869631067,0.2693776460264611,19.0,0.0327322523584553,0.1036619280158661
0.9553458534646788,1.367535980648651,16.0,0.0341170638019897,0.0471308466680829
0.7344107302131986,0.3218753570896738,15.0,0.0275407364835331,0.0955062849601437
0.7218689043867197,0.7397645060511802,20.0,0.0562088518898423,0.1194274031677717
0.486291494512314,0.8406827604621754,19.0,0.0560444074498018,0.0836536620665225
1.0619366173384248,0.6638951514693746,10.0,0.0306710848463633,0.1167952328858801
1.274082724971719,0.6727514952277288,22.0,0.0607938217369159,0.1144847409723688
0.2505390556788492,0.7356585814040181,10.0,0.0473801859487944,0.078980719698368
0.3137710642031188,0.7845824049415289,17.0,0.0449016098334183,0.0973494293669823
0.769902100359099,0.9191306983318746,13.0,0.0223698896446562,0.052249720119076
1.3537327159718535,1.458603834905986,13.0,0.0161415014422375,0.0998673909072158
0.7090046613792638,0.6104262658899048,19.0,0.0187957653274997,0.0642767823526111
0.3058195955728295,0.7831932450752076,17.0,0.053667385651247,0.0656156919581552
0.9604973674881444,0.7547898293503815,22.0,0.0303501732059421,0.0541617560467738
0.8390579031180603,1.294634688199987,20.0,0.0480394313309259,0.0797791044583841
0.7000504333785587,0.2845332704307864,17.0,0.0409180196762181,0.0402647456621844
1.492113852623473,0.6570732610246487,18.0,0.0302364111326297,0.0730552287210341
0.3372438464612815,0.724955099316535,15.0,0.029091358613667,0.0718276255230546
0.7929028629422407,0.8472822000892639,17.0,0.0187388676765996,0.1082609173311787
0.7904268916395748,1.4768345413883446,16.0,0.0584325576898856,0.0704364741592686
1.3297595679290375,1.217557014017416,21.0,0.0483137649132105,0.0868132939342643
0.3672708832910302,0.3939522481309457,11.0,0.0486212609722796,0.1139558218810384
1.141439803546563,0.8117305190830775,13.0,0.0631231332863852,0.1192251055251354
0.9237681172975024,1.3133496973008327,20.0,0.0407985886198429,0.0825148765658128
0.900773063745396,0.5183495553624049,10.0,0.0404356211499175,0.0462357995138121
0.5716432767697409,1.442229676293646,17.0,0.0455520307052351,0.0698945411742537
1.4814747096642054,0.5432516458899956,13.0,0.0199744367845386,0.045817974492951
0.6282220613766258,0.3897638838816086,12.0,0.0487536042213263,0.1112702947148442
1.0947624720847644,1.344402707974316,12.0,0.0590192018288212,0.0504473565543573
0.7531133043335866,1.0164460450326396,10.0,0.0252893543599109,0.0903450102483567
0.6129840380686787,1.277276095816845,21.0,0.0626455558983233,0.1168894828922091
0.7315848111638308,0.2556483510283964,22.0,0.0519304795274216,0.0527800168468835
1.4259495167691298,0.690112890696835,21.0,0.0326171303394717,0.07235128583566
0.3622714772719241,1.43826597195772,21.0,0.0373840595004201,0.0440475153809602
1.240459051525539,1.4895964260824832,11.0,0.0636322284197403,0.1187152585761263
1.4731506544613775,1.2614066079410498,13.0,0.0357686983034223,0.0637370307208048
1.0193811732407343,1.156899096777161,12.0,0.0529382810694524,0.0915663386263495
0.98057469297237,1.0547533564309646,15.0,0.0467602288125273,0.0650923770308228
0.7396397762487356,0.8257173821263257,21.0,0.0211768490655819,0.0633732243969542
1.391474477840078,1.4660317300887395,10.0,0.0256442513331795,0.0904819141875637
1.147837686747142,0.8570711075939147,17.0,0.0317965896597671,0.082830151665673
0.5988581317573958,0.916883834154913,14.0,0.0323062362198005,0.0404890188029788
1.407550487724668,1.402556391959516,19.0,0.0368484310369309,0.1126454337287908
0.8129419981969818,0.9551870746248504,15.0,0.0470948938004365,0.1010039181793648
0.6591292287637944,1.3922455816249817,19.0,0.0563291985069713,0.0683054861687034
1.4623371249281023,0.4462490655354785,21.0,0.0286820568705945,0.1188677042833489
1.0315644316952752,0.6912634327175639,16.0,0.0314701913022834,0.0944313811586926
0.5939778233144558,0.9963287606340058,13.0,0.0169655551786307,0.0751452057934102
0.8910357976330417,1.107340469298946,17.0,0.0164421859067812,0.0511896048715059
1.127122684529716,1.056543539785668,14.0,0.0649360601682049,0.0591890483596374
0.8829634732875027,0.9733621587801118,11.0,0.0385099171212199,0.0537115929907824
0.7461917391051822,1.3412730032789475,13.0,0.0556971367347668,0.0557954216125775
1.4186312320996926,0.513693409506566,13.0,0.0299213246956204,0.0626521242420173
0.2712180931564577,1.0335456160687655,20.0,0.0179360333784185,0.0548318879182209
0.9908337700225044,1.084206682604112,12.0,0.0611456671547113,0.1057034345401309
0.2948831252185411,0.5477647132123457,14.0,0.0497426340964782,0.0701860136471487
0.6625776921851547,0.7919154583818944,22.0,0.0315565266878412,0.0776706977688489
1.063198658686147,0.8040116241353273,11.0,0.036666233102272,0.0422061685109987
1.380532693006545,0.9048845088041084,13.0,0.0607407465351965,0.0947184425338043
1.3584448505810882,0.3977845805476439,22.0,0.033340818909101,0.0881991385946198
0.4542494163040872,0.3425495305347284,15.0,0.0167944594315534,0.0875064735489223
1.1330046518672712,0.6866149568445015,21.0,0.026982952749338,0.0605734709390875
0.4424076116864199,1.2025875134896116,11.0,0.0549559468193601,0.0758312678612846
0.4255619174497335,1.128774646301384,21.0,0.0643027612881178,0.0449109531582744
0.290503585088872,0.8079402730162648,19.0,0.0244541652721198,0.0726233640358332
0.837373189977841,0.3674594843071227,21.0,0.0552578390109283,0.0502199228909691
0.8541558743576256,0.7665975653945909,21.0,0.0150442280034125,0.0554721612257373
1.432301620227833,0.891390227570018,13.0,0.0369573273109454,0.0899664652723506
1.3081801845318082,1.388600043431954,20.0,0.047199817273754,0.1059872077399098
1.3428457010193942,0.5918861080368201,19.0,0.0201242326625229,0.0820490453797731
1.4019766401245457,1.0429473005413592,14.0,0.0192336928439625,0.1129046735294442
1.0835598058468434,1.102895974840402,10.0,0.0235983441439132,0.0966516383405202
0.8467987053043764,1.037309095432571,19.0,0.0282398473571102,0.1096722274130144
1.3976834969828031,0.4074407291884061,12.0,0.0619199775227386,0.0473298249722834
1.2153348948176792,0.6182697412489485,15.0,0.0577327458584424,0.0991935114050794
1.2164434587609327,1.103591815985281,20.0,0.036376588220497,0.076519670283161
0.4659622470283751,1.221266156872157,22.0,0.0172959242022132,0.1038575051568843
1.0055715707211297,1.1880001533430018,15.0,0.0345947489866986,0.0679414241412144
0.4457966073199466,0.963673629540216,22.0,0.0390764235454978,0.0783662485363934
1.4955501148321184,0.5359993724397969,14.0,0.0195610519419075,0.0659552541318313
1.2838188475888872,1.432075947641178,11.0,0.0457165212337108,0.0793523252250803
0.94355658577025,0.2580915825437325,20.0,0.049301084422763,0.0982085885568834
0.3437801980293886,0.2613541173212692,15.0,0.0225121518302887,0.1069016373411982
0.4793493529857363,0.6214887769431217,22.0,0.0552198658665958,0.056039280706416
1.0366280414215612,0.3566420705516611,22.0,0.0251606448804613,0.0453976750366637
0.5770713447469658,1.3692850425771277,11.0,0.0612643540633685,0.0478589845416359
1.3343706235424897,1.1602047756952776,13.0,0.0278111239389649,0.113446532244896
0.3103716190358215,0.5737820359614902,13.0,0.0153775799249272,0.0609051089224115
0.3560085490839174,1.4101602311529893,17.0,0.0389694852166687,0.0757602272872267
0.526714317076689,1.3196402138950092,16.0,0.0494910790808519,0.1141168028721746
1.1947675095101649,0.7575346010989281,14.0,0.0305049311952896,0.0909774101401136
0.3967257671487427,0.7447328662590255,21.0,0.0272263516569608,0.0740034857181152
1.0259699437936554,0.3462827732250295,14.0,0.0247315350914078,0.0542508969181432
0.6708098994020004,0.90203976331378,19.0,0.0566173357503082,0.0839017854382618
0.3883880529362689,1.2457011180860669,19.0,0.0531933080589577,0.1095143187831617
0.6915324732240937,0.824672165509234,15.0,0.0567861690870689,0.042096822609176
0.9701891796570036,0.3287231506157625,10.0,0.0203372457287209,0.1110893719250554
0.8420930126873676,0.5699657426032108,18.0,0.0504723818578927,0.1053295242299015
0.8247274493713799,0.5580987708146219,20.0,0.0416550799344133,0.1090041854241543
1.4410960338854286,0.5996240766727121,12.0,0.0621143727100153,0.1102768402970922
0.3298619439945022,0.5315252953349601,15.0,0.0495022008757682,0.0588772165546898
0.6832373376800269,0.9150671705913644,21.0,0.0443271133747211,0.0949146304466817
0.300243730351001,0.9066875405722772,14.0,0.0536181229943067,0.1114812641162437
0.9847171337224891,0.5205925184997464,17.0,0.0520095883044044,0.0957755718153543
1.0723795217950949,0.491370863134856,15.0,0.063614364345958,0.0599047288235134
0.7630612164000561,1.0636962334338305,15.0,0.0601952772676133,0.0622403808253984
1.2093547629251375,0.7005535296407911,13.0,0.0545717757303563,0.0841005758264239
1.151749919578501,0.7699920944859633,21.0,0.0400042144197564,0.096824631906143
0.7789463615616087,0.4893717299914907,22.0,0.0621281966729809,0.0475774824799571
0.976379936629088,0.7421909467930883,19.0,0.057154895271533,0.0927805747068345
1.3448925644428549,1.4031415644958605,22.0,0.0588414232314954,0.1003224079132244
1.313884413429032,1.1146721879311894,16.0,0.0546944482568621,0.0558949627335823
1.2041744813906328,1.0808154368480722,20.0,0.0383416898127392,0.0817204060260294
0.2797305291692029,0.9703123452802048,20.0,0.0614659639406749,0.1173368034425441
1.3608454810096322,0.4614181739120556,12.0,0.0462124696519972,0.0660743984739695
0.4610628079094418,0.4327772494606697,16.0,0.0413890495018425,0.0551161775144926
1.155002932842177,0.3919285929101364,20.0,0.0227739004044274,0.0845897933038645
1.4121920810081814,1.1222994844230896,21.0,0.0321603636082154,0.0436382353304256
0.5600011851249274,0.4845845938184637,16.0,0.0623829410863257,0.0928371799520336
1.4449480836175976,0.968346190666976,13.0,0.0392810922362194,0.0602967497575134
0.9337960417355616,1.4738657371973347,11.0,0.0237134275219893,0.0950810111101691
1.496991283184749,1.3377443387092849,20.0,0.0596017024164364,0.0703534766277713
1.0569102169297269,1.4280443105874356,12.0,0.055118611032814,0.0989232051418146
1.2205661131241303,0.2836862051901073,21.0,0.0193265160564208,0.0790350577384461
0.5467061888325149,1.1276054172376202,16.0,0.0492299572028719,0.0663007424695569
1.120164613295819,0.8013982224735376,14.0,0.0375460294479081,0.0925637957468068
0.9476583602005076,0.4510099921214819,15.0,0.0157329143701398,0.0876563422975967
0.2535633968371793,1.3654845149785997,12.0,0.0533237511072679,0.1174948324936025
0.6740367217450765,0.9854534151790671,17.0,0.0578556731234196,0.0488653733058438
0.6878822952428498,0.5263340953090743,11.0,0.0443833669446689,0.1014234299308989
1.018187922406597,1.2296210492818598,19.0,0.0645795982195629,0.041877934275187
1.1826185022588476,1.3585138720008825,16.0,0.0158622379219231,0.108691554168057
0.3934690621725796,0.5111637253779855,20.0,0.062288066445874,0.1104018283264159
0.5550145661410945,0.7179094519718889,13.0,0.0510129634870608,0.0803933413180135
0.8803197777701455,1.4947401018642248,19.0,0.0202485518251526,0.0409507099524402
1.3279916666266636,0.4199784067053352,10.0,0.0171540547567555,0.1150901492957064
0.8337620421623988,1.2247762694360425,22.0,0.0234458581955399,0.0569948605166968
0.7289079388512765,0.6990205935471324,19.0,0.0197831636477541,0.0580916528753408
0.3086330486941896,0.5239023920151872,22.0,0.0512798920007438,0.0921328799967763
0.9074957211412656,1.0484322231344263,12.0,0.041264721278443,0.0512477321853417
0.4244982438715539,0.895838590618472,19.0,0.0423349864464035,0.0552338308927651
0.4124880527434373,1.0069254992768577,21.0,0.0638122484430138,0.0822420715121334
0.4759111217377193,0.8673478925476626,15.0,0.0506389801900866,0.1024506454609291
0.6361915666556017,0.6016974552782536,21.0,0.0152152684973295,0.0842733899563802
1.3012720626977856,0.6453838356776431,19.0,0.0632188883552363,0.0410561711042142
0.3224907661463994,0.3032184611232075,15.0,0.052256220926019,0.1143097394676057
0.8048272592198371,0.8893508119057129,14.0,0.0434010273853051,0.0747957073207476
0.2616338611801652,0.952201058351128,13.0,0.035709087030844,0.0819270588321446
0.8612925139267703,0.7266931453036398,15.0,0.0217170948258224,0.0412250404501251
1.3840028026710396,0.6808450461691098,12.0,0.0473035762371488,0.0735801650621858
0.9172511149680126,1.069594682018999,16.0,0.0563909835707051,0.0547693982897442
1.18884996026391,0.9237674796493576,14.0,0.0411619549623385,0.0995134709437988
1.1569147629873786,0.7938942444214792,10.0,0.0503152425786981,0.0430198523475247
0.898011125027162,1.21521244466081,22.0,0.0429843179508408,0.105497927945257
1.0492773438234686,0.6255985838008724,20.0,0.029402478259244,0.0461859558713861
1.223444025056058,0.7599996742328523,16.0,0.0537527226136804,0.0962941680807294
0.4745162630405962,0.8506366000863526,15.0,0.0310074837641388,0.0520116266650428
0.913358070203161,1.3360176780615567,18.0,0.0392181139436218,0.0534151442466241
0.2737827917679398,0.2928546004364844,15.0,0.0330078729740098,0.0665559084639169
1.2521105775925163,0.4429124337019686,16.0,0.03201669128732,0.0716765673272433
1.1241723891850262,0.3845171727294603,16.0,0.0174362442599761,0.048094771228319
1.487875493020868,1.3241510822725644,14.0,0.0383875959932249,0.1040598185762177
1.2113801348407518,1.2995691622539511,20.0,0.0355294261791832,0.0878717393363012
0.7835750122438068,0.6375381827808346,21.0,0.04025314977883,0.1178706520290194
1.0145370603751662,0.466313064936044,13.0,0.0498804519361152,0.115428059208267
1.1389798336990806,1.4363882413367022,18.0,0.015351704244023,0.0830935829077337
1.4192512167204536,0.5438248473896836,12.0,0.059224142716208,0.0795192554970339
0.4590639404133774,1.150856235813836,20.0,0.0435712242339887,0.0760289473226228
1.011851349209039,1.4228621484811832,10.0,0.0238387578221634,0.1146959598479191
0.968426441584158,0.8540267972695765,11.0,0.0600077072531787,0.0445322576382663
0.7129553281917524,1.1716310078614018,19.0,0.0265076584050722,0.093855310861208
0.6464078909602515,0.4656205985376492,22.0,0.0484392084990774,0.0616387676495101
1.2280345122310068,0.8404776257621672,17.0,0.0378225783759901,0.0742717123106629
0.8469769769534903,0.8363753210899337,18.0,0.034279214051332,0.0728707701529248
0.4134105306294138,1.0949973185021165,15.0,0.0296877282519391,0.103118146298119
0.4398591915186473,0.8145364887113562,14.0,0.0459595920793561,0.1018015066613217
0.3654885102298656,0.6605106937385746,17.0,0.0488888429787236,0.0691038869598806
0.3718659981935222,1.4836192876878362,22.0,0.031172891867943,0.094305481876487
1.3775890672305644,0.4161995512963178,15.0,0.0530119809782344,0.0896443260705362
0.7684202183306915,0.9094721805875065,18.0,0.0283134921601381,0.1027507136030883
1.291855510016656,1.0399200196494682,10.0,0.0183971377773168,0.071409497124652
1.0986863231167785,0.4712812145254431,10.0,0.035304192149864,0.0768546495663605
0.7253843487889343,0.3765610052529355,11.0,0.0284004024868645,0.0595634391135363
1.0091459920497958,1.3745330411513046,20.0,0.0594790109781633,0.045743955696726
0.5431508439243007,0.4499608088885737,22.0,0.0547626699409046,0.0583064319886917
0.5868107109149776,0.2719575734064056,10.0,0.0511287159357101,0.0467028681613973
0.5292106836835846,0.3257885005518744,22.0,0.0230500565537965,0.0638094608282881
0.998844555824484,1.0044237118944424,18.0,0.023901940150505,0.056599673055143
1.162752128381534,1.1670021265234654,10.0,0.0386423558993797,0.1099708130364203
0.7985032008221287,0.7479394128374286,14.0,0.0570560791717906,0.0857056524510669
0.257154098662834,0.3027256112562237,21.0,0.0176668683149471,0.1076542383413906
0.9584352537342786,1.3799237548603616,15.0,0.0344506635322644,0.0866184241821441
0.326872242383846,1.2388597363576583,21.0,0.024069492816486,0.0433328452638004
1.0870784911056828,1.328965109172524,12.0,0.0625725746187178,0.1191673920503001
0.3822145516208055,0.2939408263606461,19.0,0.0422154876529466,0.0755422038449455
0.8217610839725042,1.0746694090685571,19.0,0.062900528777812,0.0652968072834415
0.5033776182366945,1.1482059868279555,12.0,0.039966468626533,0.0584697449084968
1.2699647422679294,1.3549064103945965,17.0,0.0188829476663335,0.0992645587911531
1.0394612991003758,1.444030597522529,12.0,0.0259316922095079,0.0654100826615071
0.8078827686376382,1.173667914045751,15.0,0.0555767679505134,0.0667762322326737
0.5375745141748065,0.3099320550202711,18.0,0.0247542101270584,0.0873799513856946
1.2786956174155892,0.3469893588563846,10.0,0.0185137270225675,0.0959227158232239
0.9364961947098636,1.1097374450605677,18.0,0.0542617759320222,0.0919397206984354
0.3565472870594166,1.4171087083993417,18.0,0.0539377495526688,0.0978158432575539
0.9727526853126216,0.9916990936410974,11.0,0.0250015657522745,0.0671045269897332
0.2932996090801002,0.9331414397204254,21.0,0.0206651265624393,0.0538867934271254
1.2027241665123718,0.5533045660436917,19.0,0.0466680184977325,0.1009342094469801
1.4773243747549074,1.2818243385879209,10.0,0.0576070465065881,0.0832264293791817
0.5012966664031726,0.6435697692043778,14.0,0.0639681294967931,0.1042842608257048
0.8164660903678479,0.4374982347768852,10.0,0.0599530185154064,0.1119884713505087
0.6239801491704129,1.2877682964259105,18.0,0.0486813490068312,0.0960639549876379
1.451311232390205,0.3140160691752925,19.0,0.0582782602511401,0.0804510509205011
0.9530711437951752,1.2748002818546456,15.0,0.0376467426225619,0.0721918279892941
0.3206596558249058,1.4148240211500154,20.0,0.0334326234696891,0.0785807384271907
0.3999617182970703,1.0683616780486098,17.0,0.0605036880374629,0.1080321435315914
1.1010598577730757,0.9266456830625538,10.0,0.0451768098909055,0.0907602279933288
0.6078742126190618,0.4767613143566183,14.0,0.0482273315398531,0.0786924900225905
1.1617853790426844,0.6701558051974137,19.0,0.0207508780694653,0.1029627538940269
1.4627791800611871,1.4925116269434422,13.0,0.0354826385238953,0.0621549774824635
1.487230192366233,0.6680212920785992,17.0,0.0346441818751543,0.0407755141093973
1.4140972164580023,0.4051173947383972,13.0,0.0603281309217229,0.0864633376142429
0.6204409096292471,0.5829972446411426,18.0,0.0427386468264833,0.0630013771461307
0.4006826486074087,1.0215789823711747,22.0,0.0420096233758183,0.0611364827372319
1.3171997750588549,0.455246888862066,11.0,0.0362395720309728,0.077553084464139
1.0525149142336228,1.3123236142161272,15.0,0.0509353011936683,0.097508192872077
0.6801104229270147,0.7339654857609781,12.0,0.0246026615511892,0.067383272829727
0.6121298552652732,1.1542847256959732,22.0,0.0401641736468983,0.0496004078111757
0.5212312783713682,1.0231077006720115,22.0,0.059649159086519,0.0799776448176354
0.9118262465977698,0.5077681641554966,22.0,0.0160227490496288,0.0674911080503547
1.395482694415816,0.828969202724033,21.0,0.0526661714929017,0.0519192782648151
1.334566450534134,1.497019998361094,10.0,0.0155815574128483,0.0773127790952548
0.5181365481164022,0.6041725877820668,16.0,0.0319432858154101,0.0645896722552015
1.304859969364108,1.3827964317230852,21.0,0.0267109055009193,0.0923538413106506
1.2666725401507746,0.4781488635523997,16.0,0.059809598137415,0.0706568664894439
1.4696121110154643,1.3263280749282416,10.0,0.0285526503816675,0.053232135371928
1.1057750754385782,0.6141689845733534,17.0,0.0501233613782238,0.0809791770841659
0.6256445409234749,0.4146990948140651,16.0,0.0254839141455936,0.0525501322996555
1.1087667890780055,0.9282885289297108,15.0,0.0218225582662981,0.063522712609354
0.4899859768016249,1.0148563928829346,12.0,0.0417906433922365,0.117052793879647
0.8748217932432449,1.0524969062161156,19.0,0.0640155252159164,0.0711376015653718
0.4505090817800504,0.4236031744868417,16.0,0.0528303837015411,0.1137277865323624
0.7047135346081763,1.2480654628603274,11.0,0.0438965498304276,0.0416186241678428
0.4083319154607112,0.5855222250495558,16.0,0.0175386964371543,0.1032106424421447
0.982335361152794,0.863768890899521,11.0,0.0476604332987014,0.0888970120428931
1.075346564193986,0.5800283125575343,20.0,0.0517088174829301,0.0801588209357044
0.8312275882724202,0.5304094508060078,11.0,0.0232962017775293,0.0911069556537525
1.3694889511787127,1.291858596265147,11.0,0.0159345891439134,0.0871038719197253
0.8251230074076815,0.9445692197865888,16.0,0.041995222867876,0.0709288323485049
0.5641023980282904,1.0868274154825448,15.0,0.0163410523737195,0.1181127768620172
1.002536835663232,0.8594609472234077,19.0,0.0328771964935542,0.1183847673214713
1.3725351749549042,1.235214801937624,21.0,0.0523850697580415,0.1065484041502319
1.1715580479564254,0.8167763441476134,19.0,0.0540161394697353,0.0593727667007296
0.6328549143345574,0.4831954717261616,16.0,0.0616387359702189,0.0778044607426827
0.4292084767271248,1.3041865094781375,14.0,0.0292563833015473,0.10162307277918
1.1720941611562834,1.4215631713211383,18.0,0.0580898566609638,0.0996958616612645
0.8531232173589015,1.4093643007688428,14.0,0.0204777407503158,0.0692933654449948
1.0537434825965222,0.8764536369071372,17.0,0.042553436146467,0.0625455971301142
0.7962058094203153,0.7107858980194275,22.0,0.0219746383481217,0.0745540742752301
0.890041171396422,1.3616456058312625,19.0,0.0579115688596007,0.0484200366097754
1.3207388050018047,0.2968786572492041,21.0,0.0464262614319577,0.0695484591093202
1.366079407862851,1.1966995900204322,17.0,0.0288654666600491,0.1092645618186454
0.6486781190910856,1.2035506458936247,12.0,0.0633406111062523,0.0748631357658536
0.5807487894703193,0.7200715757826865,15.0,0.0308115664653171,0.0500027332896159
0.550641020918542,0.498693732557384,13.0,0.0338138410347475,0.0469101806436268
0.9639967306082762,1.1161091106703585,12.0,0.0313210528250388,0.0724974725308997
0.432296410374606,0.7888845110253364,10.0,0.0436757091148801,0.0852770213679162
0.5491100662958298,0.9793999523174244,17.0,0.0289363375533429,0.0530657558642562
1.0462315434972642,0.9347208271368772,13.0,0.0298363244778018,0.0669107575596347
0.4213591290329959,0.5647346114576561,14.0,0.037103671677752,0.1006307644050593
1.34725752928451,0.3834255249414451,13.0,0.0581978000453834,0.0509777221451067
1.1186595046074237,0.6313056562091455,11.0,0.0424849760137211,0.0806213935093989
0.7546462093922419,0.7767283317014013,10.0,0.0380242096855316,0.0685594117850352
1.1143156871184945,0.495750901859794,12.0,0.0431398637011083,0.0446612690313058
0.5070271192103006,0.3075885768053238,20.0,0.0273544373108365,0.0846720206620741
1.3245730343198772,1.257974313747785,13.0,0.054441697556844,0.0862890351797967
1.440497843797794,1.349155427215016,20.0,0.0588796062475953,0.0893293431120508
0.6184790173623446,0.7306965715296384,11.0,0.0609318780352455,0.1034740449989145
1.2422229842636463,0.6960935682971332,15.0,0.050162049794541,0.081576603910016
1.2364692137826183,0.7636677697070564,20.0,0.0292101006765475,0.0494512558433977
1.263533254785213,1.1798974262538278,18.0,0.0296152633328187,0.1184686196112184
1.069420016649211,1.3850339873190072,13.0,0.0634135080017063,0.0739048565346985
0.5741781620591146,1.2424951787954923,16.0,0.0255494679110078,0.093245620740501
0.31833408290114,1.3979733873876734,18.0,0.0478172466667926,0.0492430943082915
0.7720780671766213,1.465081143376323,16.0,0.0427512495340884,0.0455932823176779
0.871095076399259,0.988501475898974,11.0,0.0371261914308139,0.0677950067730342
1.2989174872448213,1.2629938302843435,18.0,0.0260971407568442,0.0401898766581198
0.4635952886544694,1.0276072434807668,16.0,0.0249953471515106,0.0987774882369341
1.2877749183003373,0.5890313095109271,14.0,0.0317363780752877,0.1084727243372291
0.3726239265599703,0.6066139022809685,18.0,0.0567348203465255,0.116238770460857
0.6988254733315183,1.136466380591176,14.0,0.0211174086765001,0.096537790902632
1.3880344039150634,1.4491218324212682,20.0,0.0476076088919623,0.091310791032311
1.2610807920756724,0.4728142495813975,17.0,0.0180495403573942,0.0859133872616872
0.6553901289533235,0.4399561730091751,18.0,0.0222389969685879,0.1125968514421691
0.2852269713231372,0.4294294840661743,20.0,0.0615855800572225,0.1000432454397539
0.7600129815879727,0.7798877702447886,21.0,0.0182927547426603,0.0438680501556368
0.3391583083320052,0.3633646528884795,22.0,0.0554088666053881,0.1045113616953104
0.6658979409956096,0.7974133235805276,12.0,0.0182147621674011,0.0545897107980013
0.5248798714846463,0.6228185571380849,21.0,0.0332216950309845,0.0429474890618408
0.6054000877061416,1.3961056098107605,11.0,0.038765214583144,0.1109073975349757
0.7778146477218366,0.7064238277892894,10.0,0.0452628467622791,0.1196188195905488
0.35210406715972,0.3543009324430655,11.0,0.0342480204258489,0.1013441504346035
0.4482530885758963,0.9758817101817316,10.0,0.0263567933822687,0.0941291978357206
0.4046348232691357,1.3161552161888732,14.0,0.0447365514140869,0.0977316168243502
1.4372421765054109,1.1438539092096294,14.0,0.0209893654293419,0.0427485578088616
0.5144782307281186,0.8341648027394731,22.0,0.0442111677218441,0.0882543078044689
0.9387293881545548,1.3753207910649217,22.0,0.0327682796804092,0.1148061913298023
1.0923842173514355,0.8698854016166205,21.0,0.0647585091017484,0.0781625776623463
0.5678794791164443,0.844093620061589,14.0,0.0450941597720924,0.0733715284746365
0.3423879121117804,1.139471071368929,20.0,0.0573094630396016,0.0562618577877279
1.1913241916084525,1.0021917940058225,10.0,0.0586550223516912,0.0971344641336123
1.3506532648807674,0.5030379270846443,13.0,0.0410061167294596,0.04243466038389
1.1788483536076662,0.3601019569155743,12.0,0.0274096228519136,0.1161188996543889
0.675064982264721,0.3184395764327812,10.0,0.0447548362630475,0.0851132591647
1.1304592901661157,1.2337509697704894,17.0,0.0215992442322977,0.0570107149371717
1.079241878083623,0.9424696526809412,11.0,0.035088528008407,0.0477190878738779
0.6413388890256202,0.997150043871888,10.0,0.0541406848970526,0.119999190080442
1.1976007134733482,1.3339106666609493,13.0,0.0224029691029209,0.0712273899403949
0.7591741939784937,0.6525368549844248,10.0,0.0441025254154194,0.0762245295102337
0.6378814811442504,0.4253566811303556,14.0,0.0641515190800713,0.0834801531344014
1.1752556182887384,0.9841217426610362,14.0,0.0432648551826373,0.0450440475179639
1.043631583712779,1.2857858331658658,18.0,0.0573807516245948,0.0606483338558564
0.2628088531398325,0.5944597818648379,19.0,0.0394073242145005,0.0917309378650708
0.4370724349523729,0.8993906159994146,17.0,0.050843017402271,0.0443573830692799
1.2300482092150722,1.3509923683409295,17.0,0.0365240537413793,0.049020500048863
0.5365187033151133,0.2896820485470212,20.0,0.0438087184343628,0.0895690162071728
0.8000108737489764,0.6472000479918361,12.0,0.023204164576909,0.0586486702811645
1.1848539098207669,1.430377807393309,11.0,0.0462554497647157,0.1020504139635386
0.2780808535477722,1.176174045910888,11.0,0.0324371476806797,0.0506763862199117
0.6616681422615941,0.6366518857059553,17.0,0.0229920884253875,0.1062586331067718
0.347287443361852,1.225664816298463,16.0,0.0585383237960928,0.1132101246926316
0.74732655057713,0.6818647980152133,11.0,0.0396647220436624,0.0597909059513462
0.7103217774233361,1.4533918194156432,18.0,0.0372803203067809,0.0514161910235812
0.5568011916163698,1.0458758075605354,12.0,0.0339228765950393,0.0629316333699307
1.424916845659737,0.7137362741096973,17.0,0.0258277578326161,0.1071763378937098
1.4669004115487312,1.2671093024676152,16.0,0.0445969961925201,0.043549318822976
0.857509693632167,0.947969875950079,16.0,0.0241565669989574,0.0689756250680214
0.8097272622120285,1.2562045626568126,15.0,0.0309636028561402,0.068752377058787
1.430825220264263,0.3210779549264506,16.0,0.0647167687749531,0.0861198886728221
0.3322338112629559,0.2663432828733304,20.0,0.0348953693002857,0.1117341655343832
1.3122293063663268,1.0287069267412248,20.0,0.0617501686332173,0.0901737893839489
1.0226731718742816,0.3354510031454351,22.0,0.0479626796815136,0.1060005290263238
0.7426973295059822,0.7725429021297022,22.0,0.0227475378117351,0.0566334931466781
0.8939749232977053,0.8820805284516356,16.0,0.0517543715729805,0.1158021881213309
0.6964134311005241,1.089549523419231,18.0,0.0191038555083146,0.0935649384233072
0.8759096905930067,1.1415954867470182,22.0,0.0460906610349244,0.0487650958450306
1.2459920829753446,0.5685884275062407,20.0,0.0261777445815521,0.1122014038723332
1.2760249077734112,0.4013573879251456,12.0,0.0559477848504493,0.1156807212370344
0.7161321944851841,0.3748183865718818,12.0,0.0205857279465606,0.1078595019130807
1.0301837041815316,1.012278273961611,13.0,0.0242678400852952,0.0648678199877754
1.3627507075648704,0.3378257519901815,12.0,0.0165972154487722,0.0516390954802397
0.6505409955931005,1.0596933939058593,10.0,0.0490667155917069,0.1176410424381533
1.1347357032438934,0.2512584952436058,18.0,0.0280692996548429,0.1047935761446735
1.4040702229453803,1.4795203685730467,17.0,0.0558363965922834,0.0885495006436385
0.491553706112974,0.7039480312949057,17.0,0.0469013705518601,0.052827979286409
0.584292539068058,1.076532550782646,17.0,0.016631002384721,0.1089907264777945
