l_r_i;l_r_e;n_nerv_ang;esp_nerv_ang;esp_base_pad;CO2_emission;Pump_power;Cool_power;Elastic_energy
1,254691314683008;1,0983900014558574;17,0;0,040656554412937376;0,057518950542286784;123185,20550901383;561,8466468258085;477,5696498019314;9,758823924220081
0,9258239974055227;0,6559029738329906;14,0;0,04153091149629956;0,11076911411006479;128784,5117611595;848,9856332168577;721,6377882314705;9,87212633397773
0,8865351144689368;0,8856185214834078;20,0;0,03959432297308087;0,09539446801348099;129310,16763992213;694,1907831670021;590,0621656886117;9,142958420964668
0,38688742701440015;1,4502845486899902;20,0;0,027929012207568965;0,06806263717454221;122853,14010104307;719,0238667011552;611,1702866359711;10,388124973977567
0,49594995823279175;0,9616587668482297;11,0;0,056998342848945664;0,04829588305208121;121186,83919406941;773,0748885870917;657,1136545155591;10,952700328227321
1,3402309396777554;1,2527556933929296;11,0;0,03041556316650926;0,09360699643705865;123462,86215776073;510,2711129057694;433,7304459699028;11,653119982542401
1,1443450731380143;1,1920981973676115;14,0;0,027637405563396167;0,10232336967287267;125289,91040770794;549,6464811823803;467,1995090049485;10,791284430806314
1,0671441790473477;1,1841472663035881;13,0;0,03355604916069009;0,07538893017579756;122274,80820655762;562,7085458206603;478,302263947107;10,923693744175077
0,26693672304352756;0,9582504287801847;11,0;0,04050856326303097;0,04999978997941473;119058,46163410367;1010,5605543134839;858,976470920563;11,966774408061212
1,2861654955203956;1,4710814510713333;21,0;0,03612088961380795;0,08497156698942185;127550,90704904373;458,45753089368407;389,6889012596303;8,920828412351579
0,7220075478215336;0,26439870949115424;18,0;0,03004508491585895;0,08541562862555055;124908,14927371367;1845,6312592513766;1568,786570326691;10,484933108694504
0,4178634652403088;1,1987946931794262;19,0;0,0514119616560031;0,0984194512170107;131961,5342463404;731,7342388058723;621,9741029239198;8,437696849765626
1,233072160978479;1,2063813915127717;16,0;0,0592744981734284;0,04642379304028508;125120,5103293143;527,727315449489;448,5682181320644;8,810253661313375
0,4982723263634809;0,5507049601155857;17,0;0,019698243071573057;0,11001497923746947;125714,89050948623;1048,647839133183;891,3505864820979;11,193643625547342
0,603062208205136;0,6292599463983285;19,0;0,03374107967275623;0,1004665258867099;128132,15230653764;918,6785667069718;780,8767144360586;9,427958873520806
0,28299000790682444;1,2117527650332849;18,0;0,05348561034191873;0,06187025719072101;127202,75627728323;871,0906392088091;740,4270433264802;9,04503556446263
1,2579691626086147;1,269475533602175;12,0;0,03981249450663536;0,07712874016773526;123026,13674320506;513,2346825474631;436,24948016534245;10,293529566359974
0,2976533774104061;0,5383540683384003;18,0;0,021364535439419168;0,10754330659907574;125974,30584731359;1286,8392570975407;1093,8133678938816;10,79288336934576
0,5326334978422219;0,4103290400663311;14,0;0,017056284662372093;0,06464128427681523;118344,69411503794;1334,1372242588895;1134,016640156296;12,674865630348648
0,6847809198459709;1,3003678802887293;18,0;0,06276692592089664;0,10498672336128587;134653,41509205825;591,7760500682219;503,00964255765496;7,992827368283508
1,1098404370973411;1,1872673884267173;18,0;0,04311320437133631;0,09802475185933399;129458,08935736965;543,9093375706808;462,32293693507734;9,024875382194121
0,8678748193187298;0,8781348677430226;15,0;0,06443484357008611;0,08106235942076292;129642,32401996577;702,2871986837541;596,94411886712;8,706982677022152
1,4555215491335785;0,27985808245746113;13,0;0,03798015660765204;0,07675154858385945;123176,51201033073;1654,486993394337;1406,3139443812854;11,40880121640887
1,3849928098108562;0,37918588459035363;18,0;0,026410680651021506;0,06413301708209267;121284,57314445723;1264,6759534239566;1074,9745604101167;11,157671721083533
0,5103322800132262;1,121830382707903;22,0;0,051513095063335027;0,107230931789802;134976,35804153717;701,1253222952232;595,9565239411061;7,829476088255106
0,5936537603301066;0,8190755446367992;21,0;0,02711145520503328;0,10676932028648128;128101,39771719735;802,4516095784975;682,083866979951;9,498029381307552
1,2948094560661827;1,4847477686027166;11,0;0,035971463852802005;0,07370659329896312;121541,89309667336;463,0748143991359;393,61359223926445;11,454833290135916
1,2483748289937222;1,0932716197142776;18,0;0,04583168665093539;0,05726755227632532;124868,52815677013;556,1839118081832;472,75632503695437;9,349441310327519
0,919722969919453;1,1334417871599825;18,0;0,036298289732059785;0,08128888885218774;125765,94059988065;597,5350985450832;507,90483375745475;9,472343027131782
0,9031323469139011;0,27645445823629383;19,0;0,05224142636985221;0,11201975801395928;133890,5002905875;1723,2326958422643;1464,7477914313981;9,064583006171395
0,37764416547997814;1,1627186865015409;12,0;0,017861496054881864;0,04148390148545308;114937,20693124535;812,342468223501;690,4910979425167;13,72163737547654
1,1670097817744296;0,5759682060344374;11,0;0,049834098891563906;0,08917235348767004;125497,54845765517;909,0740287277102;772,7129244185408;10,602607600117846
0,48141669860989367;0,35248387803015646;13,0;0,038137325073278404;0,08861108891195528;124775,45529804549;1528,7075119768338;1299,4013851177942;10,568405264184959
0,864994229510987;0,6756147831018962;14,0;0,021439242629148994;0,05769012723507866;118197,7573410351;829,131013849952;704,7613546301906;12,172020066765995
0,5901724445377199;1,3063173160160255;11,0;0,03516591007929133;0,11651168101479151;127233,59808870134;633,1602712222716;538,1862305358844;10,990558139631709
0,9310100806233828;0,5036391040403081;16,0;0,05062009304090995;0,060122062962058;125034,30933771924;1023,1215393879819;869,6533083055182;9,119685081080103
0,9962799912731183;0,3688500379659049;18,0;0,060412624268576534;0,06963584083828642;129741,8754443327;1322,370120169535;1124,014602137742;8,899914528387148
0,4704614313347282;0,4564683896416155;21,0;0,06101368631691081;0,05793586083719064;130798,15980296476;1206,0021321506738;1025,1017974870788;8,13060479108471
1,478861092267377;0,9387098691140383;10,0;0,034867408351688105;0,0930722343645095;123563,42239687833;605,7045705814451;514,8488849942268;11,920770048977872
0,989653918508375;1,279711739752656;14,0;0,02210601152503733;0,0827692253503895;121680,8555433911;562,9693236156379;478,5239246739162;11,484427266034208
1,09000863770736;0,33164747680197204;17,0;0,05252883962078139;0,061416923113525125;126256,90161139217;1432,6533728216543;1217,7553668573953;9,754333022683747
1,4482730202349663;1,4593798522977586;21,0;0,045429883555679715;0,061363848610504604;127028,29580445225;458,67481930112586;389,8735964059504;8,699261334290437
0,37915135771472364;0,7513786631120158;16,0;0,026874032461967096;0,11526836859912984;127578,29825338972;976,2827401140439;829,8403289805356;10,024540962670338
1,456365929695366;0,5614957338920945;12,0;0,01949099617938622;0,11302807215014829;124919,96740658024;908,9115393262957;772,5748084273492;12,280662882296891
0,9453660805997395;0,8731207865537188;13,0;0,04659506815307325;0,10519150723738438;128331,40891355537;694,6601708335033;590,4611452073307;9,86068537710391
0,7846846869631067;0,26937764602646114;19,0;0,03273225235845531;0,10366192801586618;128323,12452147242;1799,4957863393788;1529,5714183524174;9,996585316643705
0,9553458534646788;1,367535980648651;16,0;0,03411706380198978;0,047130846668082996;119985,90440087869;528,3381683164536;449,0874430689697;10,295054063390447
0,7344107302131986;0,32187535708967385;15,0;0,027540736483533182;0,09550628496014371;124683,82120217383;1536,5843114174754;1306,0966645216479;11,121625748673065
0,7218689043867197;0,7397645060511802;20,0;0,05620885188984236;0,1194274031677717;136410,66795120575;813,3054503047695;691,3096319348138;8,141413147514754
0,48629149451231407;0,8406827604621754;19,0;0,05604440744980186;0,08365366206652258;131189,00037974596;819,1518489688181;696,2790615430589;8,250894361915979
1,0619366173384248;0,6638951514693746;10,0;0,030671084846363352;0,11679523288588017;126316,29788725788;825,5944043576832;701,7552437037044;11,855184061768353
1,274082724971719;0,6727514952277288;22,0;0,0607938217369159;0,11448474097236883;138337,38960714647;789,1595269030702;670,7855978676077;7,654341880023875
0,2505390556788492;0,7356585814040181;10,0;0,04738018594879444;0,07898071969836803;123222,38794483127;1166,7945464948884;991,775364423273;11,345348517976287
0,3137710642031188;0,7845824049415289;17,0;0,044901609833418385;0,09734942936698238;129214,96974656284;1011,4591672662457;859,740292117217;9,208830872772852
0,769902100359099;0,9191306983318746;13,0;0,022369889644656256;0,05224972011907601;117355,64045768743;706,4365026752841;600,4710251867141;12,516822894115498
1,3537327159718537;1,458603834905986;13,0;0,016141501442237572;0,09986739090721586;122797,32849407254;467,9366205289544;397,74612744961;12,63379996982247
0,7090046613792638;0,6104262658899048;19,0;0,018795765327499783;0,06427678235261114;119799,83273311458;914,4347967208543;777,2695303448266;11,384285708893822
0,3058195955728295;0,7831932450752076;17,0;0,05366738565124704;0,06561569195815528;127026,69309880609;1023,2760197232756;869,7846164090831;9,040650400286093
0,9604973674881444;0,7547898293503815;22,0;0,030350173205942174;0,05416175604677384;122456,73375929848;759,638263595001;645,6925240246863;9,747756101997732
0,8390579031180603;1,294634688199987;20,0;0,048039431330925975;0,0797791044583841;129408,04768458822;578,3336724810815;491,58362119864364;8,737699011121885
0,7000504333785587;0,28453327043078647;17,0;0,04091801967621819;0,040264745662184416;121064,93591969853;1725,2855963419947;1466,4927568561282;10,686623188924218
1,492113852623473;0,6570732610246487;18,0;0,030236411132629766;0,07305522872103412;123324,3634266531;793,7774649066326;674,7108451706358;10,412015206288208
0,3372438464612815;0,724955099316535;15,0;0,029091358613667045;0,07182762552305463;121804,26011931071;1043,508619293501;886,9823263385114;10,879569418088533
0,7929028629422407;0,8472822000892639;17,0;0,018738867676599658;0,10826091733117876;125276,44133243087;737,8735839834285;627,192544205751;11,31094165290303
0,7904268916395748;1,4768345413883446;16,0;0,058432557689885686;0,0704364741592686;127914,64021235367;547,1364255709002;465,0659616700302;8,318657901928493
1,3297595679290377;1,2175570140174161;21,0;0,048313764913210516;0,08681329393426437;130959,47191853913;504,9150605137854;429,1778014367163;8,2185208045962
0,36727088329103025;0,39395224813094576;11,0;0,04862126097227969;0,11395582188103842;128655,21614289687;1501,6129013418229;1276,3709660152224;10,43069400575326
1,141439803546563;0,8117305190830775;13,0;0,06312313328638522;0,11922510552513543;132772,21979980572;701,396723892122;596,187215308302;9,095348609124446
0,9237681172975023;1,3133496973008327;20,0;0,040798588619842924;0,08251487656581286;127949,16932542562;549,4301468450175;467,0156248169693;9,021328569782643
0,9007730637453959;0,5183495553624049;10,0;0,04043562114991754;0,04623579951381214;118034,6670327129;1000,2904748673652;850,246902189062;12,543358305838781
0,5716432767697409;1,442229676293646;17,0;0,04555203070523513;0,06989454117425375;125818,17879350105;606,497639362469;515,5229934495921;9,26574064464712
1,4814747096642054;0,5432516458899956;13,0;0,01997443678453867;0,045817974492951094;116101,12753976074;926,6168740141945;787,6243429120049;13,29782700128454
0,6282220613766258;0,38976388388160865;12,0;0,04875360422132634;0,11127029471484423;128895,58956809288;1328,2903905288035;1129,0468306033338;9,901316131428635
1,0947624720847644;1,344402707974316;12,0;0,05901920182882123;0,05044735655435734;122510,38576498532;521,1347741914367;442,9645580614924;9,906880138033875
0,7531133043335866;1,0164460450326396;10,0;0,02528935435991092;0,09034501024835673;122012,26914592588;672,7141931280336;571,8070640786211;12,585356491038235
0,6129840380686787;1,277276095816845;21,0;0,06264555589832331;0,11688948289220918;138373,55199512086;621,8643050573846;528,5846592809758;7,366139912399421
0,7315848111638308;0,2556483510283964;22,0;0,05193047952742162;0,05278001684688358;128398,97348308896;1892,1898371276664;1608,3613615563277;9,088417716458986
1,4259495167691298;0,690112890696835;21,0;0,03261713033947171;0,07235128583566001;125004,16763834574;766,1624135618157;651,2380515275414;9,568402074124236
0,36227147727192416;1,43826597195772;21,0;0,037384059500420105;0,04404751538096026;122703,39371909638;725,8816291443711;616,9993847727137;9,726436793575093
1,240459051525539;1,4895964260824832;11,0;0,06363222841974037;0,11871525857612639;131268,14337854198;458,1045955559357;389,3889062225443;9,593798227933934
1,4731506544613777;1,2614066079410498;13,0;0,03576869830342234;0,06373703072080487;121100,67794673899;500,7100417255667;425,6035354667089;10,884359418916445
1,0193811732407343;1,156899096777161;12,0;0,0529382810694524;0,0915663386263495;126887,44766796567;577,0532728828013;490,49528194942815;9,492268810807099
0,9805746929723701;1,0547533564309646;15,0;0,046760228812527345;0,06509237703082285;124281,6130853048;613,4204240190845;521,4073604101999;9,617667530053005
0,7396397762487356;0,8257173821263257;21,0;0,02117684906558193;0,06337322439695428;120794,55410898513;760,2039765065504;646,1733797663131;10,674236728202382
1,391474477840078;1,4660317300887395;10,0;0,02564425133317958;0,09048191418756377;122074,77757214586;456,87795863290444;388,3462648379677;12,524064170509279
1,147837686747142;0,8570711075939147;17,0;0,0317965896597671;0,08283015166567308;124563,1804002988;674,8382883263251;573,612545077372;10,03112177810559
0,5988581317573958;0,916883834154913;14,0;0,03230623621980054;0,04048901880297889;117914,0140890261;752,3202388941854;639,4722019708648;11,510606122206063
1,407550487724668;1,4025563919595159;19,0;0,03684843103693099;0,11264543372879082;130460,5723510368;457,4275623548189;388,81342800159496;9,098944457201638
0,8129419981969818;0,9551870746248503;15,0;0,04709489380043652;0,10100391817936485;128999,2160008221;682,644205562272;580,247573316047;9,2589325690319
0,6591292287637944;1,3922455816249815;19,0;0,0563291985069713;0,0683054861687034;129361,11128620901;590,5358409594376;501,9554647149371;8,309709480101905
1,4623371249281025;0,4462490655354785;21,0;0,028682056870594552;0,11886770428334895;130124,07353024215;1103,1319934328433;937,6621944179142;9,848230411341184
1,0315644316952752;0,6912634327175639;16,0;0,03147019130228341;0,09443138115869264;125647,67810988254;805,4333123814331;684,6183155235678;9,941782048474419
0,5939778233144558;0,9963287606340058;13,0;0,01696555517863073;0,07514520579341027;119535,16571744275;724,3633172436889;615,7088181589654;12,738228434839254
0,8910357976330417;1,1073404692989461;17,0;0,01644218590678128;0,051189604871505916;117069,4407443232;612,603147754058;520,7126755899376;12,370874670060747
1,127122684529716;1,056543539785668;14,0;0,06493606016820495;0,05918904835963747;126186,98157279639;592,3759886710068;503,51959036987756;9,169165316765081
0,8829634732875027;0,9733621587801118;11,0;0,03850991712121994;0,05371159299078246;119258,70722320273;663,0008209917794;563,5506958840725;11,706771791169658
0,7461917391051822;1,3412730032789477;13,0;0,055697136734766874;0,05579542161257753;123389,60948206407;578,6302283646038;491,8356940983198;9,978580973459568
1,4186312320996926;0,513693409506566;13,0;0,029921324695620442;0,06265212424201735;119990,15378253303;970,8040642885692;825,1834546447365;11,735858699507451
0,2712180931564577;1,0335456160687655;20,0;0,017936033378418533;0,054831887918220995;118570,85070805023;989,6251388327537;841,1813680045087;12,010915634125318
0,9908337700225045;1,084206682604112;12,0;0,061145667154711356;0,10570343454013092;129949,88158205696;596,0391541193917;506,6332810014277;9,032691587701454
0,29488312521854115;0,5477647132123457;14,0;0,04974263409647822;0,07018601364714876;124870,8656456834;1269,566671054628;1079,131670180191;9,653953400821877
0,6625776921851547;0,7919154583818944;22,0;0,03155652668784127;0,07767069776884897;125806,88144711877;787,4079819704577;669,2967443175469;9,199412317389749
1,063198658686147;0,8040116241353273;11,0;0,03666623310227202;0,04220616851099876;117497,30177564907;718,3598718670568;610,605891085812;12,270608127593444
1,3805326930065447;0,9048845088041083;13,0;0,06074074653519652;0,09471844253380438;129196,44152440304;625,4553941412357;531,6370850200487;9,402737653962312
1,3584448505810882;0,3977845805476439;22,0;0,033340818909101094;0,08819913859461986;127658,27029472125;1219,9373395952057;1036,946738655898;9,602654474137323
0,4542494163040872;0,3425495305347284;15,0;0,016794459431553423;0,08750647354892233;121611,4987447406;1594,8241864458325;1355,600558385784;12,18454371167512
1,1330046518672712;0,6866149568445015;21,0;0,026982952749338006;0,06057347093908759;121983,78607737384;791,9402182665177;673,1491854802729;10,182071974968055
0,44240761168641995;1,2025875134896116;11,0;0,05495594681936017;0,07583126786128463;124445,21536256139;724,4340902631125;615,7689767232371;10,464087767102358
0,42556191744973354;1,128774646301384;21,0;0,0643027612881178;0,0449109531582744;130162,38397065109;740,4136322071472;629,3515871959112;8,33108682178751
0,290503585088872;0,8079402730162648;19,0;0,0244541652721198;0,07262336403583328;122265,28838310276;1047,463552432207;890,3440195373917;10,597176028690669
0,837373189977841;0,3674594843071227;21,0;0,055257839010928345;0,05021992289096911;128324,39280944175;1335,0872132225206;1134,8241311611432;8,876373685548634
0,8541558743576256;0,7665975653945909;21,0;0,015044228003412518;0,055472161225737365;118105,70793008819;772,7788549399203;656,8620264303064;11,849148861520584
1,432301620227833;0,891390227570018;13,0;0,036957327310945455;0,08996646527235069;124766,97125119394;629,4946382392163;535,0704425033322;10,590941811665287
1,3081801845318082;1,388600043431954;20,0;0,04719981727375406;0,10598720773990986;132529,62112888767;470,41273022029293;399,85082068724785;8,585084549977147
1,3428457010193942;0,5918861080368201;19,0;0,020124232662522973;0,08204904537977317;122490,56989101694;877,5960088886987;745,9566075553919;11,060841737526276
1,4019766401245455;1,0429473005413592;14,0;0,019233692843962567;0,11290467352944422;125327,04920397021;568,156820740154;482,9332976291296;11,78052988082564
1,0835598058468434;1,102895974840402;10,0;0,02359834414391323;0,09665163834052029;122671,79161704672;589,5611304993579;501,1269609161853;12,693344239800238
0,8467987053043764;1,037309095432571;19,0;0,028239847357110236;0,10967222741301441;128096,36810912202;646,6387212180347;549,6429128105513;9,766648498291953
1,3976834969828031;0,4074407291884061;12,0;0,061919977522738694;0,04732982497228343;122569,13501429583;1191,678305127405;1012,9265593582912;10,496659849006456
1,2153348948176792;0,6182697412489485;15,0;0,057732745858442465;0,09919351140507944;130708,60591792913;853,6858729888368;725,6329920405092;9,160289822379369
1,2164434587609327;1,103591815985281;20,0;0,036376588220497094;0,076519670283161;126075,59363222633;560,7079047744098;476,60171905824706;9,386903884263269
0,46596224702837513;1,221266156872157;22,0;0,01729592420221329;0,10385750515688433;125421,2329001193;713,7357047420496;606,675349010311;10,626574435602624
1,0055715707211297;1,1880001533430018;15,0;0,03459474898669862;0,0679414241412144;122335,567786309;567,4967905517511;482,3722719683321;10,422974769410775
0,44579660731994664;0,963673629540216;22,0;0,03907642354549784;0,07836624853639346;127965,84496185671;795,8218595649655;676,4485805638003;8,687294263525486
1,4955501148321184;0,5359993724397969;14,0;0,019561051941907593;0,06595525413183133;118966,51805947234;934,5357558537316;794,3553924753028;12,509007683641837
1,2838188475888872;1,432075947641178;11,0;0,04571652123371085;0,07935232522508037;123634,8237697734;473,271498397865;402,28077363818414;10,705998825536776
0,9435565857702499;0,2580915825437325;20,0;0,049301084422763;0,09820858855688341;132046,80796600343;1820,9567465104763;1547,8132345277738;9,51468557523817
0,34378019802938864;0,26135411732126923;15,0;0,02251215183028872;0,10690163734119826;125320,09567792082;2135,862061571701;1815,4827523059894;11,28723089578208
0,47934935298573633;0,6214887769431217;22,0;0,05521986586659587;0,05603928070641609;129719,87429126534;970,5725174855359;824,9866050411013;8,233180736041382
1,0366280414215612;0,35664207055166114;22,0;0,025160644880461366;0,045397675036663754;119863,0857706899;1346,734042021055;1144,7239356392172;11,024795419817352
0,5770713447469658;1,3692850425771277;11,0;0,06126435406336857;0,04785898454163594;121739,64601369701;614,0436415455201;521,9370953136738;10,814588612836614
1,3343706235424895;1,1602047756952776;13,0;0,0278111239389649;0,11344653224489601;126508,52821458032;532,0848651343686;452,272135364212;11,106239210301235
0,3103716190358215;0,5737820359614902;13,0;0,015377579924927274;0,060905108922411536;117346,45832638463;1217,1168062625145;1034,5492416561685;13,453089437912055
0,35600854908391744;1,4101602311529893;17,0;0,038969485216668785;0,07576022728722678;125162,16555358224;738,452536784666;627,6846562669614;9,817138249234475
0,526714317076689;1,3196402138950092;16,0;0,04949107908085198;0,11411680287217463;131755,50485841068;643,5932510595351;547,0542634000853;8,42191382227224
1,1947675095101649;0,7575346010989281;14,0;0,030504931195289676;0,09097741014011368;124244,47259291861;737,0911568403985;626,5274833143051;10,756837392127132
0,39672576714874275;0,7447328662590255;21,0;0,02722635165696089;0,07400348571811521;123794,09078916337;957,8062517626008;814,1353138350694;9,930452207630093
1,0259699437936554;0,34628277322502954;14,0;0,02473153509140781;0,05425089691814327;118333,92441124894;1408,487059631333;1197,2140006843074;12,280304412668215
0,6708098994020004;0,90203976331378;19,0;0,05661733575030822;0,08390178543826182;131355,17125338968;731,317728302463;621,6200685382895;8,165794785097829
0,3883880529362689;1,2457011180860669;19,0;0,053193308058957764;0,10951431878316173;133787,10381487862;736,625039885178;626,1312839015493;8,30779904065503
0,6915324732240937;0,824672165509234;15,0;0,056786169087068974;0,04209682260917604;123332,65862248612;763,2385269576515;648,7527463354297;9,814042751957118
0,9701891796570037;0,3287231506157625;10,0;0,02033724572872094;0,11108937192505547;124282,48241031486;1464,2759778736945;1244,6345809432328;13,320740729121791
0,8420930126873676;0,5699657426032108;18,0;0,050472381857892726;0,10532952422990155;132015,69530356585;947,8195818645431;805,6466445461017;8,69649660213817
0,8247274493713799;0,5580987708146219;20,0;0,04165507993441331;0,1090041854241543;131580,7585487957;969,1358173499599;823,7654446665805;9,135786764645097
1,4410960338854286;0,5996240766727121;12,0;0,06211437271001538;0,11027684029709225;130692,59719523812;858,7048250770263;729,8991013154701;9,316219970423951
0,3298619439945022;0,5315252953349601;15,0;0,0495022008757682;0,05887721655468983;124015,746927716;1240,7094316828693;1054,603015134167;9,719303535050459
0,6832373376800269;0,9150671705913644;21,0;0,0443271133747211;0,09491463044668172;130952,2764795973;724,6348442482919;615,9396174876225;8,387848274749707
0,300243730351001;0,9066875405722772;14,0;0,05361812299430671;0,11148126411624376;130914,28049662049;955,3001897221453;812,0051611840927;9,280995278412213
0,9847171337224891;0,5205925184997464;17,0;0,05200958830440442;0,09577557181535434;130490,65246229534;1001,7320679327347;851,4722577411703;9,004116423385945
1,0723795217950949;0,49137086313485606;15,0;0,06361436434595809;0,059904728823513484;126852,17525479151;1027,109931806993;873,0434420215382;9,372422979970137
0,7630612164000561;1,0636962334338305;15,0;0,06019527726761332;0,062240380825398414;126486,92841572591;649,3644623972082;551,9597920974913;9,119727236760511
1,2093547629251375;0,7005535296407911;13,0;0,0545717757303563;0,08410057582642397;126829,8054978679;776,7850792042527;660,2673173236128;9,82398048273249
1,151749919578501;0,7699920944859633;21,0;0,04000421441975642;0,09682463190614304;130085,27948542805;727,4889355013579;618,3655951761524;8,781842088972727
0,7789463615616087;0,4893717299914907;22,0;0,06212819667298099;0,04757748247995713;130685,34326532389;1061,2369659315455;902,0514207835843;8,384558655761992
0,9763799366290881;0,7421909467930883;19,0;0,05715489527153308;0,09278057470683451;132587,87035137624;766,5174420788395;651,5398257669788;8,189925865893377
1,3448925644428547;1,4031415644958605;22,0;0,05884142323149548;0,1003224079132244;136074,55224072587;454,52261347195;386,3442214511564;7,580417721486895
1,313884413429032;1,1146721879311894;16,0;0,0546944482568621;0,05589496273358234;125341,25563224962;548,4931888996343;466,2192105646878;8,775358073834832
1,2041744813906328;1,0808154368480722;20,0;0,03834168981273921;0,08172040602602944;127235,41672982398;567,2389413866422;482,15310017864437;9,272289604567494
0,27973052916920293;0,9703123452802047;20,0;0,061465963940674974;0,11733680344254413;137400,01468382287;936,9693521147883;796,42394924283;8,056013800996242
1,3608454810096322;0,46141817391205564;12,0;0,04621246965199726;0,0660743984739695;122544,04091262713;1067,3905741530318;907,2819880292153;10,587769768820829
0,4610628079094418;0,43277724946066976;16,0;0,041389049501842544;0,05511617751449262;122508,24891462481;1289,609351273503;1096,1679447721247;9,701681161797715
1,155002932842177;0,3919285929101364;20,0;0,02277390040442745;0,08458979330386455;123739,61471456081;1248,0834827575673;1060,8709603418713;11,036891477177116
1,4121920810081814;1,1222994844230896;21,0;0,032160363608215406;0,04363823533042564;121224,29732019608;541,6437130155357;460,3971560632041;10,013357579118844
0,5600011851249274;0,48458459381846375;16,0;0,062382941086325736;0,09283717995203361;131516,05607654856;1126,9935553017015;957,9445186765671;8,125783101449526
1,4449480836175976;0,9683461906669761;13,0;0,039281092236219464;0,06029674975751345;121233,40569817672;595,6518204377912;506,3040473721047;10,863586128034894
0,9337960417355617;1,4738657371973347;11,0;0,023713427521989364;0,09508101111016914;122759,99286645952;511,73824610199404;434,9775091866896;12,266687244511566
1,496991283184749;1,3377443387092847;20,0;0,05960170241643645;0,07035347662777137;131150,39531675144;461,02576965106107;391,87190420340073;8,370032064755046
1,0569102169297269;1,4280443105874356;12,0;0,05511861103281403;0,09892320514181462;128177,32899933195;504,83840318048186;429,11264270334095;9,40289507607213
1,2205661131241303;0,2836862051901073;21,0;0,019326516056420828;0,07903505773844613;122379,88613715775;1658,3895563828605;1409,6311229240926;11,421636095162695
0,5467061888325149;1,1276054172376202;16,0;0,049229957202871995;0,06630074246955697;125530,55261791729;690,9939983098174;587,3448985632101;8,876538622276795
1,120164613295819;0,8013982224735376;14,0;0,03754602944790815;0,09256379574680684;125670,19130712717;710,5066039735972;603,9306133775559;10,25461336852199
0,9476583602005075;0,45100999212148196;15,0;0,015732914370139836;0,0876563422975967;121435,08151121227;1107,7963054331833;941,6268573269977;12,402829853094937
0,2535633968371793;1,3654845149785997;12,0;0,05332375110726793;0,11749483249360257;130388,14376366888;889,1279332755969;755,7587432840108;9,628687614804782
0,6740367217450765;0,9854534151790673;17,0;0,05785567312341963;0,04886537330584382;125873,98042402502;696,8611014049861;592,3319332528309;9,118620782600653
0,6878822952428498;0,5263340953090743;11,0;0,04438336694466898;0,10142342993089892;126399,86953526257;1014,77854632697;862,5617123670659;10,722033063799843
1,018187922406597;1,2296210492818598;19,0;0,06457959821956298;0,04187793427518709;128201,62007027073;542,562881352276;461,1784491494312;8,586856742226903
1,1826185022588476;1,3585138720008825;16,0;0,01586223792192312;0,10869155416805704;124555,05769787273;507,1770806924991;431,10051858855525;11,66649714786791
0,3934690621725796;0,5111637253779855;20,0;0,06228806644587409;0,11040182832641598;136730,5304539474;1169,9698172204535;994,4743375825701;8,001120484067288
0,5550145661410945;0,7179094519718889;13,0;0,05101296348706088;0,08039334131801351;125772,42908369271;866,5074467967042;736,5313080155836;9,797641449199954
0,8803197777701455;1,4947401018642248;19,0;0,020248551825152648;0,04095070995244021;117091,12910950634;537,9492094010236;457,25682760924354;11,699343437030498
1,3279916666266636;0,41997840670533526;10,0;0,01715405475675559;0,1150901492957064;124462,45865641277;1169,1534804698526;993,7804583991468;13,450302232389669
0,8337620421623988;1,2247762694360425;22,0;0,023445858195539952;0,05699486051669683;120869,96396749667;597,8552605187809;508,176970204445;10,338990229541622
0,7289079388512765;0,6990205935471324;19,0;0,019783163647754183;0,05809165287534088;119220,6981419091;836,5398599249585;711,0588706418023;11,341005980007777
0,30863304869418967;0,5239023920151872;22,0;0,05127989200074388;0,09213287999677636;133025,6212571397;1272,0154374102892;1081,2131217244314;7,97216412018966
0,9074957211412656;1,0484322231344265;12,0;0,04126472127844304;0,051247732185341774;119860,66716218833;634,0920533586846;538,9782426784187;10,892278993586467
0,4244982438715539;0,895838590618472;19,0;0,042334986446403544;0,0552338308927651;124349,2719609551;840,2764427736406;714,2349746196863;9,316298646251798
0,41248805274343736;1,0069254992768575;21,0;0,0638122484430138;0,08224207151213342;134440,80471549678;787,7706732010934;669,6050718297324;7,602324807823309
0,4759111217377193;0,8673478925476626;15,0;0,050638980190086634;0,10245064546092918;129835,64173352117;818,5426351445199;695,7612349371017;9,148115334774603
0,6361915666556017;0,6016974552782536;21,0;0,015215268497329518;0,08427338995638026;122009,21531181003;932,176621672989;792,3499891298306;11,340905285152164
1,3012720626977856;0,6453838356776431;19,0;0,06321888835523636;0,04105617110421423;127767,21050966227;810,2911475823587;688,7474754450029;8,926167390699765
0,32249076614639943;0,3032184611232075;15,0;0,05225622092601905;0,11430973946760573;131685,12905375878;1899,8156294107862;1614,8432849725225;9,123792550970633
0,8048272592198371;0,8893508119057129;14,0;0,043401027385305185;0,07479570732074761;124348,56051771801;711,6453568690148;604,8985532174493;9,975143288381053
0,26163386118016524;0,952201058351128;13,0;0,035709087030844064;0,08192705883214468;123493,76919291021;1018,5407603265091;865,7596462571253;10,866802797127116
0,8612925139267703;0,7266931453036398;15,0;0,02171709482582249;0,04122504045012511;116357,17722511115;797,3057998272931;677,7099295760474;12,453127823870858
1,3840028026710396;0,6808450461691098;12,0;0,04730357623714886;0,07358016506218587;123687,91379324159;780,1064197388508;663,0904567780213;10,20517358756871
0,9172511149680126;1,069594682018999;16,0;0,05639098357070517;0,054769398289744246;125550,54692633865;619,5631161711461;526,628648671604;8,74985068891773
1,18884996026391;0,9237674796493575;14,0;0,04116195496233856;0,09951347094379889;127216,1422308666;635,0782653084577;539,8165255121875;9,942393149243546
1,1569147629873786;0,7938942444214792;10,0;0,050315242578698106;0,04301985234752478;118903,88516582508;712,2944076360475;605,450246490359;11,888187936520485
0,898011125027162;1,2152124446608101;22,0;0,04298431795084086;0,10549792794525709;132486,52072688498;570,5090202009873;484,93266717061374;8,230119929499983
1,0492773438234686;0,6255985838008724;20,0;0,02940247825924401;0,04618595587138611;120412,06041842353;860,683095763821;731,5806313972186;10,697899676091334
1,2234440250560579;0,7599996742328523;16,0;0,05375272261368044;0,09629416808072949;130262,10418528416;724,3060231277456;615,660119658582;8,510832373093676
0,4745162630405962;0,8506366000863526;15,0;0,031007483764138817;0,05201162666504289;119571,55773158479;838,1824235281604;712,4550582653592;11,138957243514668
0,913358070203161;1,3360176780615567;18,0;0,03921811394362183;0,05341514424662417;122854,26643347407;562,0039951611775;477,70339507334376;9,696778340273523
0,2737827917679398;0,2928546004364844;15,0;0,033007872974009866;0,06655590846391699;121852,62246460625;2079,0833660827484;1767,220861160332;10,722242669052509
1,2521105775925163;0,44291243370196864;16,0;0,03201669128732004;0,07167656732724337;122740,84794922401;1121,1374035519534;952,9667930190566;10,39465750894074
1,1241723891850262;0,3845171727294603;16,0;0,017436244259976166;0,048094771228319066;116652,70512286545;1250,0446208880464;1062,5379275419218;12,747189747544859
1,487875493020868;1,3241510822725644;14,0;0,038387595993224916;0,10405981857621771;127351,880380471;472,19231846399646;401,36347069439586;9,87925547067586
1,2113801348407518;1,2995691622539511;20,0;0,03552942617918325;0,0878717393363012;127332,6549290519;504,83034091497893;429,1057897777308;9,376364754566074
0,7835750122438068;0,6375381827808346;21,0;0,04025314977883006;0,11787065202901942;132886,8422846294;884,1287355973494;751,5094251523328;8,581302973338751
1,0145370603751662;0,466313064936044;13,0;0,04988045193611528;0,11542805920826704;130213,23315720687;1091,4997223151524;927,7747639642047;9,797525504806432
1,1389798336990806;1,4363882413367022;18,0;0,015351704244023011;0,08309358290773372;121312,50061358509;502,36917183332014;427,0137960574925;11,694092023417742
1,4192512167204536;0,5438248473896836;12,0;0,05922414271620805;0,07951925549703394;126252,9524572201;931,9459912626915;792,1540925732854;9,701874668145416
0,45906394041337745;1,1508562358138361;20,0;0,04357122423398879;0,0760289473226228;127817,22112055049;720,9276278381978;612,7884836600408;9,098580351229126
1,011851349209039;1,4228621484811832;10,0;0,023838757822163457;0,11469595984791911;125206,95690954087;517,0953686802573;439,5310633779271;12,391923220296505
0,968426441584158;0,8540267972695765;11,0;0,06000770725317879;0,044532257638266314;121139,8484444458;698,6599194513194;593,86093152882;10,85069049963827
0,7129553281917524;1,1716310078614018;19,0;0,02650765840507229;0,09385531086120807;125571,99971999224;627,7999154002654;533,6299280840624;10,058643415108424
0,6464078909602515;0,46562059853764926;22,0;0,04843920849907747;0,06163876764951016;128486,16747621162;1131,9986236176187;962,1988252968803;8,61314646569405
1,2280345122310068;0,8404776257621672;17,0;0,03782257837599015;0,07427171231066296;124724,51015613928;674,6859746663051;573,4830784663577;9,82487656897527
0,8469769769534903;0,8363753210899337;18,0;0,03427921405133208;0,07287077015292484;124216,18734651299;729,0861438860501;619,7232217859216;9,837057641655555
0,4134105306294138;1,0949973185021165;15,0;0,02968772825193918;0,10311814629811905;126107,11726002596;782,3858628504768;665,0279834005089;10,488413371081714
0,4398591915186473;0,8145364887113562;14,0;0,04595959207935611;0,10180150666132175;128338,15591598653;873,0988850876299;742,1340514396479;9,539904880108457
0,3654885102298656;0,6605106937385746;17,0;0,04888884297872361;0,06910388695988068;126434,99621134532;1032,8029530572976;877,8825038709916;9,133574380409964
0,3718659981935222;1,4836192876878362;22,0;0,03117289186794309;0,09430548187648702;127867,15388007386;709,950068771681;603,4575584542547;9,324626924397124
1,3775890672305644;0,4161995512963178;15,0;0,053011980978234494;0,0896443260705362;128608,12006807867;1173,8485880911524;997,7712998774767;9,818294771164581
0,7684202183306915;0,9094721805875065;18,0;0,028313492160138135;0,10275071360308835;126838,45637451057;711,253810414822;604,5657300999494;9,956405718367218
1,291855510016656;1,0399200196494682;10,0;0,018397137777316837;0,07140949712465203;118566,91751080097;584,0295917373143;496,425152976679;13,607142244793373
1,0986863231167783;0,47128121452544314;10,0;0,03530419214986402;0,07685464956636054;121427,5471327873;1067,4366929754;907,3211890186108;12,054375069268133
0,7253843487889343;0,3765610052529355;11,0;0,028400402486864554;0,05956343911353638;118603,7265764531;1348,6341837686662;1146,3390559736558;12,507314683117784
1,0091459920497958;1,3745330411513046;20,0;0,059479010978163355;0,045743955696726096;128170,11096220542;516,8145441535717;439,29236253046565;8,760143114386434
0,5431508439243007;0,4499608088885737;22,0;0,05476266994090464;0,05830643198869173;129861,69832631316;1182,540218618614;1005,1591650368628;8,36259528148223
0,5868107109149776;0,2719575734064056;10,0;0,05112871593571014;0,04670286816139732;119483,1210719257;1850,5839068367036;1572,996320785243;12,103466081843933
0,5292106836835846;0,32578850055187447;22,0;0,023050056553796522;0,0638094608282881;121645,4007740986;1642,3901640131733;1396,031639408485;10,495684449634146
0,9988445558244841;1,0044237118944424;18,0;0,02390194015050505;0,05659967305514309;119721,23857877874;631,9661335745473;537,1712135295015;11,028262260891433
1,1627521283815339;1,1670021265234654;10,0;0,03864235589937979;0,10997081303642037;126329,72175753822;547,9151583369601;465,7278845864147;11,43339033656773
0,7985032008221287;0,7479394128374286;14,0;0,0570560791717906;0,08570565245106693;128145,99452212577;789,591053896847;671,1523950121128;9,15739601012853
0,25715409866283406;0,30272561125622377;21,0;0,01766686831494717;0,10765423834139062;125825,793524621;2038,2230378683955;1732,4895821047855;10,798493375828617
0,9584352537342786;1,3799237548603616;15,0;0,034450663532264475;0,08661842418214416;124769,66549821806;528,6088561979701;449,317527768128;10,20643495052247
0,32687224238384605;1,2388597363576583;21,0;0,024069492816486092;0,04333284526380042;118973,16263923666;829,5061738716845;705,080247790894;11,023111865209092
1,0870784911056828;1,328965109172524;12,0;0,06257257461871787;0,11916739205030011;131934,5001454739;515,0336032562919;437,77856276784684;8,869057689938057
0,38221455162080553;0,2939408263606461;19,0;0,04221548765294665;0,07554220384494559;126885,75347536511;1881,446341052586;1599,2293898902617;9,204459575319087
0,8217610839725042;1,0746694090685573;19,0;0,06290052877781203;0,06529680728344156;130578,93411461353;627,5951451494377;533,4558733708609;8,126641459587896
0,5033776182366945;1,1482059868279557;12,0;0,03996646862653308;0,058469744908496865;120598,4223891437;713,8070189032628;606,735965713306;10,699436359861604
1,2699647422679294;1,3549064103945965;17,0;0,01888294766633351;0,0992645587911531;124069,46577835253;493,5641642791395;419,52953963726736;11,360002061213665
1,0394612991003758;1,444030597522529;12,0;0,02593169220950796;0,06541008266150712;119367,29952348038;527,5092786010039;448,3828857198281;11,670121354165232
0,8078827686376382;1,1736679140457513;15,0;0,055576767950513445;0,0667762322326737;126174,07915236642;600,6170333865912;510,5244783776107;9,30734330982376
0,5375745141748065;0,3099320550202711;18,0;0,02475421012705843;0,08737995138569463;123989,93797703009;1698,4050616520767;1443,6443024002606;10,657476017314888
1,2786956174155892;0,3469893588563846;10,0;0,018513727022567525;0,0959227158232239;121948,64345296269;1373,3718528984496;1167,3660749501996;13,750989726810623
0,9364961947098636;1,1097374450605675;18,0;0,05426177593202229;0,09193972069843545;131138,34751473446;594,1585488766999;505,0347665451678;8,4884112253526
0,3565472870594166;1,4171087083993417;18,0;0,053937749552668876;0,09781584325755394;131812,3399538713;727,6274812469246;618,4833590548851;8,638074487698873
0,9727526853126216;0,9916990936410974;11,0;0,02500156575227456;0,06710452698973329;119135,60730958507;646,0669179410869;549,1568746845991;12,512345884618368
0,2932996090801002;0,9331414397204254;21,0;0,020665126562439365;0,05388679342712542;119414,4405611389;987,2460282252162;839,159123981742;11,18810101479367
1,2027241665123718;0,5533045660436917;19,0;0,046668018497732534;0,10093420944698012;131184,2237295601;934,1589619963879;794,03511769692;8,793153417306323
1,4773243747549074;1,2818243385879207;10,0;0,05760704650658813;0,0832264293791817;125058,44715987126;486,6368952130715;413,6413609311096;10,612971323590365
0,5012966664031726;0,6435697692043778;14,0;0,06396812949679312;0,10428426082570488;131725,27576228522;937,9388376289128;797,2478117656628;8,758584294661857
0,8164660903678479;0,4374982347768852;10,0;0,05995301851540641;0,11198847135050877;129166,72278077558;1162,4249568967796;988,0612116793293;10,674206174861318
0,6239801491704129;1,2877682964259105;18,0;0,04868134900683122;0,09606395498763792;130430,669778502;622,9113008999251;529,474605658837;8,69518473170164
1,4513112323902053;0,3140160691752925;19,0;0,05827826025114013;0,08045105092050116;131321,0154048424;1484,2637302986718;1261,6241707538265;9,09272376954704
0,9530711437951751;1,2748002818546456;15,0;0,03764674262256194;0,0721918279892941;123469,13045339471;566,801612524575;481,78137024379413;10,129986910897436
0,3206596558249058;1,4148240211500154;20,0;0,03343262346968915;0,07858073842719077;125604,67730919493;776,4551717280715;659,9868959688254;9,815271494649371
0,3999617182970703;1,0683616780486098;17,0;0,060503688037462915;0,10803214353159143;133814,3757127736;783,0839023230761;665,6213169521984;8,310975193619766
1,1010598577730757;0,9266456830625538;10,0;0,045176809890905584;0,09076022799332881;124520,03435855148;648,1588140838358;550,9349919712181;11,229740366422037
0,6078742126190618;0,4767613143566183;14,0;0,048227331539853105;0,07869249002259053;125701,55925715886;1123,198883393287;954,7190412088773;9,705045665239222
1,1617853790426844;0,6701558051974137;19,0;0,020750878069465302;0,10296275389402698;125466,12244246897;809,3147071698635;687,917501094347;10,692554423482669
1,4627791800611873;1,4925116269434422;13,0;0,0354826385238953;0,06215497748246356;120845,93532056006;455,42589167005747;387,11200791948687;10,99262141772956
1,487230192366233;0,6680212920785992;17,0;0,03464418187515432;0,04077551410939734;119735,764803926;780,5410062365565;663,459855301071;10,91067865929672
1,4140972164580023;0,40511739473839725;13,0;0,06032813092172291;0,08646333761424291;128063,8259923765;1197,1877009855646;1017,609545837727;9,951421329071968
0,6204409096292471;0,5829972446411426;18,0;0,04273864682648337;0,06300137714613073;124878,7750211079;969,4728538185151;824,0519087024853;9,450715953975287
0,40068264860740876;1,0215789823711747;22,0;0,04200962337581836;0,06113648273723196;126619,47985941995;807,7236197242071;686,5650767493925;8,884289515827822
1,3171997750588549;0,455246888862066;11,0;0,03623957203097289;0,07755308446413903;122091,96165550909;1089,5856986342426;926,1478438390053;11,550964986196291
1,0525149142336228;1,3123236142161272;15,0;0,05093530119366831;0,09750819287207706;129244,63828930752;523,1381848115379;444,66745708980386;9,233779853485434
0,6801104229270147;0,7339654857609781;12,0;0,02460266155118926;0,06738327282972705;119429,0782845896;835,2220179845315;709,9387144404002;11,97956290490738
0,6121298552652732;1,1542847256959732;22,0;0,040164173646898386;0,049600407811175716;124669,8734506623;658,4243149367447;559,6606676412799;9,18240818860992
0,5212312783713682;1,0231077006720115;22,0;0,059649159086519084;0,07997764481763549;133821,64891942596;727,0344385342664;617,9792706059892;7,670233328110848
0,9118262465977698;0,5077681641554966;22,0;0,016022749049628873;0,06749110805035473;120168,67944768656;1014,8868858157596;862,6538486596212;11,3337799085444
1,395482694415816;0,828969202724033;21,0;0,05266617149290172;0,051919278264815134;127825,34643995654;663,9899853419681;564,3914875406714;8,683641976447959
1,3345664505341341;1,4970199983610941;10,0;0,015581557412848309;0,07731277909525483;119019,63845768798;476,3718016575957;404,9160314081697;13,627563729515824
0,5181365481164022;0,6041725877820668;16,0;0,03194328581541019;0,0645896722552015;121798,22787605922;994,967849026875;845,7226466850524;10,048611747015912
1,3048599693641079;1,3827964317230852;21,0;0,02671090550091936;0,09235384131065062;126075,7785349671;477,4046596837069;405,7939607311497;9,675806150917186
1,2666725401507746;0,47814886355239977;16,0;0,05980959813741509;0,07065686648944397;128220,37329955165;1046,4734406660746;889,5024245661609;8,721195817403721
1,4696121110154645;1,3263280749282416;10,0;0,028552650381667585;0,053232135371928;117417,95746547323;493,8798564422001;419,7978779756749;13,033014512538239
1,1057750754385782;0,6141689845733534;17,0;0,050123361378223874;0,08097917708416597;128203,86715332321;869,3165105592062;738,9190339752855;9,042022167097446
0,6256445409234749;0,4146990948140651;16,0;0,025483914145593624;0,052550132299655584;118902,18762798644;1264,5580268038775;1074,874321886206;11,145667064168087
1,1087667890780057;0,9282885289297107;15,0;0,021822558266298156;0,06352271260935405;119320,87172215038;651,4153408564415;553,703039617021;11,793913595283534
0,4899859768016249;1,0148563928829346;12,0;0,04179064339223658;0,11705279387964701;128676,6689472497;758,7735107158572;644,9574835701972;9,897656103245692
0,8748217932432449;1,0524969062161156;19,0;0,06401552521591647;0,07113760156537181;131552,01699768833;623,1388014605703;529,6679812411335;8,023918283914984
0,45050908178005045;0,4236031744868417;16,0;0,052830383701541125;0,11372778653236243;132344,8338818756;1314,3515768307109;1117,1988364226463;8,406858064226242
0,7047135346081763;1,2480654628603274;11,0;0,043896549830427616;0,041618624167842885;118459,0093711054;606,8061855868428;515,7852577486982;11,75173480349254
0,40833191546071124;0,5855222250495558;16,0;0,017538696437154364;0,10321064244214476;124120,58438002932;1110,7985080958078;944,1787317489966;11,326851455505373
0,982335361152794;0,863768890899521;11,0;0,04766043329870143;0,0888970120428931;125165,65814767109;694,2684479368351;590,1281807429692;10,56454409972373
1,0753465641939859;0,5800283125575343;20,0;0,051708817482930144;0,0801588209357044;130371,85141350114;909,0174177505478;772,6648050879598;8,809083922901317
0,8312275882724202;0,5304094508060078;11,0;0,023296201777529335;0,09110695565375251;122158,14042821713;986,252009085919;838,314201776018;12,400838319847258
1,3694889511787127;1,291858596265147;11,0;0,015934589143913415;0,0871038719197253;120608,11582225964;506,13615812085743;430,2157344026958;13,266331187797457
0,8251230074076815;0,9445692197865887;16,0;0,041995222867876075;0,07092883234850494;124657,07982839848;681,8540734776021;579,5759624280782;9,230658783603854
0,5641023980282904;1,0868274154825448;15,0;0,01634105237371956;0,11811277686201727;125765,3766533894;707,9370013358163;601,7464496712475;11,848720887630384
1,002536835663232;0,8594609472234077;19,0;0,032877196493554216;0,1183847673214713;130325,27283540832;692,8028701037283;588,8824395881237;9,344549741010228
1,3725351749549042;1,235214801937624;21,0;0,052385069758041546;0,10654840415023192;134489,21940377908;496,34662845336186;421,8946341853563;7,9554395938970925
1,1715580479564254;0,8167763441476134;19,0;0,054016139469735304;0,05937276670072969;127707,23485219483;691,5726721942258;587,8367713647019;8,719975240263082
0,6328549143345574;0,4831954717261616;16,0;0,061638735970218995;0,07780446074268273;129480,06733402307;1100,0402597417376;935,0342113045524;8,221157067596922
0,4292084767271248;1,3041865094781375;14,0;0,029256383301547315;0,10162307277918006;125470,12623282743;714,0349400885829;606,9296990728914;10,804779985561611
1,1720941611562834;1,4215631713211385;18,0;0,05808985666096382;0,09969586166126458;132963,2727217634;479,34319423678653;407,44171510126733;8,241336189681167
0,8531232173589015;1,4093643007688428;14,0;0,020477740750315825;0,06929336544499488;119577,2570374646;540,1547371380746;459,1315265672898;11,939565964656282
1,0537434825965222;0,8764536369071372;17,0;0,04255343614646703;0,0625455971301142;124236,553682114;675,7784194061787;574,411656481712;9,555377516218442
0,7962058094203153;0,7107858980194275;22,0;0,021974638348121706;0,07455407427523014;122756,71838017138;813,694941914338;691,6406971926315;10,369078073051337
0,890041171396422;1,3616456058312625;19,0;0,057911568859600714;0,04842003660977546;127331,74812290125;556,4361432629769;472,97072137878905;8,703850228998679
1,3207388050018047;0,29687865724920415;21,0;0,0464262614319577;0,06954845910932023;128308,45155253675;1562,5156916297983;1328,138337883521;9,347323610916837
1,3660794078628513;1,1966995900204322;17,0;0,028865466660049126;0,10926456181864547;127489,09882992988;515,5169293371063;438,1893899365391;10,120867294759488
0,6486781190910856;1,2035506458936247;12,0;0,06334061110625232;0,07486313576585368;126273,40908135785;637,8836810583655;542,2011279760967;9,24250998923893
0,5807487894703193;0,7200715757826865;15,0;0,030811566465317183;0,050002733289615936;119272,79803819516;864,0739524666553;734,4628521533843;11,200162739764206
0,550641020918542;0,498693732557384;13,0;0,033813841034747584;0,04691018064362687;118579,11611659672;1115,0514661163238;947,7937429042807;11,609067843438675
0,9639967306082762;1,1161091106703585;12,0;0,03132105282503887;0,07249747253089978;121131,07324308154;598,8223258266855;508,998976946804;11,120757734899595
0,432296410374606;0,7888845110253364;10,0;0,043675709114880105;0,08527702136791623;123599,7542786108;902,6157749793811;767,2234085128416;11,379346666770045
0,5491100662958298;0,9793999523174243;17,0;0,028936337553342982;0,05306575586425624;120053,69686245863;745,9418324121315;634,0505560075118;10,771357163361781
1,0462315434972642;0,9347208271368772;13,0;0,029836324477801802;0,06691075755963477;120539,8788824313;655,1617642348867;556,8874991348755;11,42809158238573
0,4213591290329959;0,5647346114576561;14,0;0,03710367167775202;0,10063076440505936;126673,13403290427;1093,1669632850005;929,1919141780606;10,09580218098099
1,3472575292845101;0,3834255249414451;13,0;0,05819780004538342;0,05097772214510678;123201,3679661077;1252,5525673891316;1064,6696822805916;10,683417542082713
1,1186595046074235;0,6313056562091455;11,0;0,042484976013721185;0,08062139350939894;123359,23586285967;850,5931898576429;723,0042113788306;11,04957535435882
0,7546462093922419;0,7767283317014013;10,0;0,03802420968553169;0,06855941178503523;120662,34138404766;785,7992883733548;667,9293945598978;11,857470507285306
1,1143156871184945;0,495750901859794;12,0;0,043139863701108366;0,044661269031305836;119303,35448434144;1022,9984244567896;869,5486607858588;11,068574394501061
0,5070271192103006;0,30758857680532387;20,0;0,02735443731083656;0,08467202066207415;124887,6363464466;1695,8171440399597;1441,4445723348917;10,316654461951593
1,3245730343198772;1,257974313747785;13,0;0,054441697556844054;0,08628903517979677;127092,84358559376;504,5668780234396;428,8818463199224;9,60666561035492
1,440497843797794;1,349155427215016;20,0;0,0588796062475953;0,08932934311205085;133288,6421068548;462,4191757668948;393,0562994018594;8,235262179764076
0,6184790173623446;0,7306965715296384;11,0;0,06093187803524557;0,10347404499891452;128886,25886319886;832,1744193073152;707,3480026373489;9,848473634722737
1,2422229842636465;0,6960935682971332;15,0;0,05016204979454109;0,081576603910016;127038,24843901131;775,3168873360102;659,0193542356068;9,412378153082749
1,2364692137826183;0,7636677697070564;20,0;0,029210100676547508;0,04945125584339775;120779,15895242449;722,4388134577684;614,0729914390562;10,652846212993772
1,263533254785213;1,1798974262538278;18,0;0,029615263332818775;0,11846861961121849;129245,4242449068;528,2613079573191;449,02211176371986;9,755398403426328
1,069420016649211;1,3850339873190072;13,0;0,06341350800170632;0,0739048565346985;126959,14047387715;505,7501215813332;429,887603344128;9,355462848501265
0,5741781620591146;1,2424951787954923;16,0;0,025549467911007873;0,09324562074050108;124325,2888439261;652,6674133800186;554,7673013719381;10,369758465304232
0,31833408290114007;1,3979733873876734;18,0;0,047817246666792636;0,0492430943082915;124330,09694267708;781,6443630107777;664,397708536786;9,616739725701057
0,7720780671766213;1,4650811433763227;16,0;0,04275124953408843;0,04559328231767799;121583,61490578575;536,7330005558908;456,2230504725059;9,68583355335662
0,871095076399259;0,9885014758989739;11,0;0,037126191430813915;0,06779500677303424;120917,1033763683;657,3017724170122;558,7065065275808;11,486728584758191
1,2989174872448213;1,2629938302843435;18,0;0,026097140756844273;0,04018987665811989;118103,47330636397;518,4330387445073;440,6680829325389;11,235449807467763
0,4635952886544694;1,0276072434807668;16,0;0,02499534715151068;0,09877748823693414;124965,78384528252;771,7928997995527;656,0239647652049;10,472922348873928
1,2877749183003373;0,5890313095109271;14,0;0,03173637807528777;0,10847272433722915;126822,30397015384;885,7660198324704;752,9011168575978;10,741038069291161
0,37262392655997034;0,6066139022809685;18,0;0,05673482034652557;0,11623877046085701;134775,69241285796;1086,7726172715643;923,7567241411522;8,132873388179796
0,6988254733315183;1,1364663805911759;14,0;0,021117408676500173;0,09653779090263208;123386,01367409024;651,2086417784676;553,5273415849665;11,63105507725578
1,3880344039150634;1,4491218324212682;20,0;0,047607608891962375;0,09131079103231102;130755,74740019467;446,655732333809;379,65737248373654;8,681216853893211
1,2610807920756724;0,4728142495813975;17,0;0,018049540357394256;0,0859133872616872;122074,38523433665;1057,28820358525;898,6949730472563;11,799112376693634
0,6553901289533235;0,4399561730091751;18,0;0,022238996968587915;0,1125968514421691;126856,34959539714;1190,1071752719126;1011,5910918048837;10,788752394740321
0,2852269713231372;0,42942948406617437;20,0;0,06158558005722253;0,10004324543975396;135275,38999538947;1492,9629215120578;1269,018483224196;8,11226220296633
0,7600129815879727;0,7798877702447886;21,0;0,018292754742660337;0,04386805015563687;117463,17285544115;776,0223065542727;659,6189558917853;11,57531311162553
0,3391583083320052;0,3633646528884795;22,0;0,055408866605388164;0,10451136169531045;135673,77611392466;1611,4430823315222;1369,7266199356652;7,731604043747779
0,6658979409956096;0,7974133235805276;12,0;0,018214762167401175;0,05458971079800139;116737,46237098744;790,8964616885594;672,2619827025483;13,029947579283354
0,5248798714846463;0,6228185571380849;21,0;0,033221695030984585;0,04294748906184088;121427,72800091135;973,8873331364529;827,8042311517349;9,914084105211083
0,6054000877061416;1,3961056098107603;11,0;0,03876521458314401;0,1109073975349757;126939,08408879272;604,7553250508267;514,0420262925034;10,946493385639164
0,7778146477218366;0,7064238277892894;10,0;0,04526284676227915;0,11961881959054882;128445,34476328056;826,1273007239201;702,2082021283002;10,96677905539697
0,35210406715972;0,3543009324430655;11,0;0,034248020425848985;0,10134415043460354;125032,5895441651;1657,74003744889;1409,079031734707;11,322394102479365
0,44825308857589635;0,9758817101817316;10,0;0,02635679338226877;0,0941291978357206;122662,64504729229;810,5224476023935;688,9440804388328;12,56028387939514
0,4046348232691357;1,3161552161888732;14,0;0,04473655141408693;0,09773161682435028;127590,55845073302;718,621013796073;610,8278617266574;9,838935326741732
1,4372421765054109;1,1438539092096294;14,0;0,02098936542934199;0,04274855780886162;116140,92758983083;542,5272947444086;461,14820053211974;12,574520899199424
0,5144782307281186;0,8341648027394731;22,0;0,04421116772184412;0,08825430780446897;130621,59899145087;809,7504690828863;688,2878696687237;8,328086410484438
0,9387293881545548;1,3753207910649217;22,0;0,032768279680409226;0,1148061913298023;130996,20511865693;535,3263156722549;455,02736831961425;8,814520166538747
1,0923842173514355;0,8698854016166205;21,0;0,06475850910174848;0,07816257766234631;134200,28613818035;667,535468472252;567,4051482014124;7,63595717417034
0,5678794791164443;0,844093620061589;14,0;0,045094159772092426;0,07337152847463652;124461,50471718481;798,1894070761798;678,4609959195849;9,867318796385597
0,3423879121117804;1,139471071368929;20,0;0,057309463039601646;0,056261857787727916;128865,76171413052;812,2783762419981;690,4366197977241;8,758950502396422
1,1913241916084525;1,0021917940058223;10,0;0,05865502235169123;0,09713446413361235;127026,15432194296;598,6942630532053;508,8901235952231;10,636778429992987
1,3506532648807674;0,5030379270846443;13,0;0,04100611672945963;0,04243466038389004;119218,44797250122;996,9560719879653;847,4126611897564;11,44873466870267
1,1788483536076662;0,36010195691557434;12,0;0,02740962285191368;0,11611889965438893;126487,50823681925;1340,6396538532515;1139,543705756461;11,433742371768822
0,675064982264721;0,3184395764327812;10,0;0,044754836263047514;0,08511325916470008;123711,75115248842;1569,9652619844926;1334,4704724996325;11,626080363063739
1,1304592901661157;1,2337509697704894;17,0;0,02159924423229776;0,05701071493717171;118966,80985043742;552,9940933935312;470,04497931856827;11,420936741517295
1,079241878083623;0,9424696526809411;11,0;0,03508852800840709;0,04771908787387795;117989,58395504982;645,8844584342281;549,001789650605;12,244178195807084
0,6413388890256202;0,9971500438718881;10,0;0,05414068489705269;0,11999919008044208;129553,5375015357;707,5386366474308;601,40781576568;10,489443331248994
1,1976007134733482;1,3339106666609493;13,0;0,02240296910292095;0,07122738994039497;119894,69518612357;507,9136679725145;431,72661777661415;11,969879685865651
0,7591741939784937;0,6525368549844248;10,0;0,04410252541541944;0,07622452951023378;122446,2674332095;865,3279409692307;735,5287280918533;11,401321701169175
0,6378814811442504;0,42535668113035563;14,0;0,06415151908007137;0,08348015313440144;129095,80102940719;1219,0034948227385;1036,152966997591;9,089550299574665
1,1752556182887384;0,9841217426610362;14,0;0,043264855182637396;0,045044047517963995;120496,62746496293;612,9218749544503;520,9835937111994;10,550168692144792
1,043631583712779;1,2857858331658658;18,0;0,05738075162459482;0,060648333855856454;127947,40082556159;528,6514896710444;449,3537662203718;8,62949977707776
0,26280885313983254;0,5944597818648379;19,0;0,039407324214500536;0,09173093786507089;128304,97620053294;1265,7802368465186;1075,9132012677785;9,155544246465194
0,4370724349523729;0,8993906159994146;17,0;0,050843017402271026;0,044357383069279936;123773,92408839632;826,4451786414377;702,4783994033603;9,616853213206412
1,2300482092150722;1,3509923683409295;17,0;0,036524053741379306;0,04902050004886303;121199,25649790652;505,1141783695505;429,34705161397784;10,267708996214363
0,5365187033151133;0,2896820485470212;20,0;0,04380871843436286;0,08956901620717288;129597,17651054189;1759,5642384336736;1495,6296025966674;9,338352973050407
0,8000108737489764;0,6472000479918361;12,0;0,02320416457690906;0,058648670281164564;118047,62226367016;862,2172787823863;732,88467180732;12,242779571432907
1,1848539098207667;1,430377807393309;11,0;0,04625544976471579;0,10205041396353863;126734,75382128873;495,3715855952273;421,06584775574754;10,408275412650003
0,27808085354777223;1,176174045910888;11,0;0,03243714768067976;0,050676386219911745;117999,6944635417;925,9901247241635;787,0916060151732;12,654049009016974
0,6616681422615941;0,6366518857059553;17,0;0,022992088425387504;0,10625863310677189;125874,7659102077;899,3431243392804;764,441561618184;10,651247737508157
0,347287443361852;1,225664816298463;16,0;0,05853832379609288;0,11321012469263164;133372,81507458643;780,209376501278;663,1779700104541;8,15055672749109
0,74732655057713;0,6818647980152133;11,0;0,039664722043662476;0,059790905951346215;120217,60618845113;850,710076742602;723,1035627176554;11,460936201588789
0,7103217774233361;1,4533918194156432;18,0;0,03728032030678096;0,05141619102358122;122151,45457495959;555,2328715741547;471,94794083802583;10,025220688991963
0,5568011916163698;1,0458758075605354;12,0;0,033922876595039314;0,06293163336993074;120257,60724717253;723,9238982474358;615,3353135053451;11,112289251749562
1,424916845659737;0,7137362741096973;17,0;0,025827757832616136;0,10717633789370987;126582,53469365808;749,3164586884199;636,918989885155;10,522055956997079
1,4669004115487312;1,2671093024676152;16,0;0,044596996192520166;0,04354931882297602;121710,85835626777;488,3335221225673;415,083493804181;9,67697955843855
0,857509693632167;0,947969875950079;16,0;0,024156566998957452;0,06897562506802145;120796,53149738572;678,3490979924361;576,5967304303015;10,787365542125293
0,8097272622120285;1,2562045626568126;15,0;0,030963602856140207;0,06875237705878703;121752,7541255296;592,0737855307449;503,26271740711684;10,678671335945634
1,430825220264263;0,32107795492645064;16,0;0,06471676877495311;0,08611988867282211;131133,024536721;1458,7548412278707;1239,9416150436234;8,8256719873899
0,3322338112629559;0,2663432828733304;20,0;0,03489536930028575;0,11173416553438323;130312,95441754849;2103,7231303789567;1788,1646608014607;9,513877925827233
1,3122293063663268;1,0287069267412248;20,0;0,06175016863321737;0,09017378938394892;134101,17770416386;568,7922378552664;483,4734021769751;8,222475323070507
1,0226731718742816;0,33545100314543513;22,0;0,047962679681513604;0,10600052902632387;133876,3805832094;1442,050190649364;1225,7426620502913;8,69590907762232
0,7426973295059822;0,7725429021297022;22,0;0,02274753781173519;0,05663349314667816;120626,0659313654;789,2189316407496;670,836091502721;10,493712557481913
0,8939749232977053;0,8820805284516356;16,0;0,051754371572980566;0,11580218812133097;132410,40571487526;694,8023570271628;590,5820034722847;8,27184052426049
0,6964134311005241;1,089549523419231;18,0;0,01910385550831465;0,09356493842330721;123571,13382495847;659,8741761810501;560,8930497350033;11,114904402221876
0,8759096905930067;1,1415954867470182;22,0;0,04609066103492448;0,048765095845030665;126254,65348465795;604,2401794767072;513,6041524081721;8,828449353414683
1,2459920829753446;0,5685884275062407;20,0;0,026177744581552108;0,11220140387233327;128281,70446729426;913,0992365972252;776,1343511076392;10,326886813513426
1,2760249077734112;0,40135738792514564;12,0;0,055947784850449316;0,11568072123703443;130521,52255898323;1217,3925428166224;1034,7836613939635;9,678178775557278
0,7161321944851841;0,3748183865718818;12,0;0,02058572794656062;0,10785950191308075;124357,85212385935;1355,9215998591612;1152,5333592069537;12,17008251361207
1,0301837041815316;1,012278273961611;13,0;0,024267840085295263;0,06486781998777544;119349,49355252174;626,5194579618931;532,5415391608952;11,899579661691554
1,3627507075648704;0,3378257519901815;12,0;0,0165972154487722;0,051639095480239754;116092,67584148074;1394,1234831866532;1185,0049606990738;13,980287788875788
0,6505409955931005;1,0596933939058593;10,0;0,04906671559170698;0,11764104243815332;128628,04939557206;681,956762673652;579,6632481066645;10,713702707088483
1,1347357032438934;0,25125849524360583;18,0;0,028069299654842943;0,10479357614467355;127060,30099215942;1833,6829927539757;1558,6305433946916;10,881981483522175
1,4040702229453805;1,4795203685730467;17,0;0,05583639659228347;0,08854950064363859;130370,45684232014;439,503280157198;373,5777881336172;8,599677271810307
0,491553706112974;0,7039480312949057;17,0;0,046901370551860166;0,05282797928640903;123957,86837734481;904,6515978918478;768,9538354884969;9,54602369336036
0,584292539068058;1,076532550782646;17,0;0,016631002384721025;0,10899072647779459;124945,29183333546;701,5083051986708;596,2820593778861;11,629118940470546