t_front,t_rear,t_top,t_bottom,t_lateral,t1_long,t2_long,h_long,t1_trans,t2_trans,inc_t_trans,d_t_trans,K_trans,ang_Z,D,N_trans,Peso,elastic_energy,CO2,dofS,TCP_X_pos_list,TCP_X,TCP_Y_pos_list,TCP_Y,TCP_Z_pos_list,TCP_Z,TCP_A_pos_list,TCP_A,TCP_B_pos_list,TCP_B,TCP_C_pos_list,TCP_C
0.03162763627783262,0.02154601708400372,0.039869814892401476,0.02441913373214398,0.030111120420484916,0.04611525803009395,0.030676664937436336,0.04864601291755972,0.03467363915653051,0.03448089765404097,0.3181622853609264,0.26350468399715554,1.3525845414552475,42.201678657791035,0.5379615527449915,1,9501.448903849985,7.052759158768929,17577.680472122473,388701,"[-7.83869515986454e-05, -8.319712096002488e-05, -8.959704186048441e-05, -8.701385266301337e-05, -8.102340737781749e-05, -7.604415657241652e-05, -7.334968049823222e-05, -6.906274223728857e-05, -6.81974416287418e-05, -6.906274223728857e-05, -7.334968049823222e-05, -7.604415657241652e-05, -8.102340737781749e-05, -8.701385266301337e-05, -8.959704186048441e-05, -8.319712096002488e-05, -7.83869515986454e-05]",6.859042118130356e-06,"[-5.1502573614765105e-05, -5.392110667318401e-05, -4.2241999385151414e-05, -3.113671508169511e-05, -2.463187541759517e-05, -1.6084575310254155e-05, -3.882063874678266e-06, -7.648011297307462e-06, -4.379693446308325e-06, 7.648011297307462e-06, 3.882063874678266e-06, 1.6084575310254155e-05, 2.463187541759517e-05, 3.113671508169511e-05, 4.2241999385151414e-05, 5.392110667318401e-05, 5.1502573614765105e-05]",4.804776750796725e-06,"[-5.1936361424311756e-05, -5.675409147485176e-05, -6.243082903625098e-05, -6.645129407934596e-05, -6.888503785655937e-05, -7.013877713323194e-05, -7.109384719389948e-05, -7.109287603598897e-05, -7.10634597245279e-05, -7.109287603598897e-05, -7.109384719389948e-05, -7.013877713323194e-05, -6.888503785655937e-05, -6.645129407934596e-05, -6.243082903625098e-05, -5.675409147485176e-05, -5.1936361424311756e-05]",1.4870094234029867e-05,"[-1.7019788220547376e-05, -1.7776314898788425e-05, -1.3738171371534696e-05, -9.974248702546175e-06, -7.66678454436636e-06, -4.837341575463025e-06, -8.024431693573593e-07, -2.171222001725615e-06, -1.2557195990105843e-06, 2.171222001725615e-06, 8.024431693573593e-07, 4.837341575463025e-06, 7.66678454436636e-06, 9.974248702546175e-06, 1.3738171371534696e-05, 1.7776314898788425e-05, 1.7019788220547376e-05]",2.0067737025870977e-05,"[3.093612990233759e-05, 3.216165614114842e-05, 3.393409130237911e-05, 3.279345295441852e-05, 3.056724480491285e-05, 2.880329261533528e-05, 2.782923755266919e-05, 2.631848293053518e-05, 2.5862455486113667e-05, 2.631848293053518e-05, 2.782923755266919e-05, 2.880329261533528e-05, 3.056724480491285e-05, 3.279345295441852e-05, 3.393409130237911e-05, 3.216165614114842e-05, 3.093612990233759e-05]",2.7110001804287475e-06,"[3.8111893115897136e-06, 3.462741325772414e-06, 1.0154490141126331e-06, -7.802710166101149e-07, -2.641188862539545e-06, -2.838737172162272e-06, -3.0578638539259654e-06, -1.4481727174620355e-06, 5.783253905966684e-08, 1.4481727174620355e-06, 3.0578638539259654e-06, 2.838737172162272e-06, 2.641188862539545e-06, 7.802710166101149e-07, -1.0154490141126331e-06, -3.462741325772414e-06, -3.8111893115897136e-06]",4.574647517218361e-06
0.04213421283009501,0.018158975764935685,0.040198018543890685,0.029023528585913474,0.04251927087286661,0.09351823712244227,0.05116839167566753,0.02568113512516674,0.01135203899528833,0.009582416532300204,-0.3683422033594549,0.7963482502060093,0.7502970980344852,7.0320830317024345,0.6414373690214374,3,9553.81301790824,5.67258522910109,17674.554083130246,401700,"[-6.88714415586625e-05, -7.062974177617784e-05, -7.270845643573106e-05, -7.46536596444008e-05, -7.663007824046988e-05, -7.648594719600979e-05, -7.481851938859774e-05, -7.280927166648537e-05, -7.23809332176163e-05, -7.280927166648537e-05, -7.481851938859774e-05, -7.648594719600979e-05, -7.663007824046988e-05, -7.46536596444008e-05, -7.270845643573106e-05, -7.062974177617784e-05, -6.88714415586625e-05]",5.1616002374981254e-06,"[-3.710513270290622e-05, -4.0095466997293634e-05, -3.205685619713477e-05, -3.07081266045336e-05, -2.6802104480470396e-05, -2.044523233755784e-05, -1.308585506866967e-05, -9.22023711728111e-06, -3.1614371599895316e-06, 9.22023711728111e-06, 1.308585506866967e-05, 2.044523233755784e-05, 2.6802104480470396e-05, 3.07081266045336e-05, 3.205685619713477e-05, 4.0095466997293634e-05, 3.710513270290622e-05]",5.778187939975075e-06,"[-4.767641175189289e-05, -5.0947021408792394e-05, -5.5234217042228435e-05, -5.860548840173236e-05, -6.188069950762816e-05, -6.393546937916709e-05, -6.517522970648071e-05, -6.57688011710643e-05, -6.62333982304953e-05, -6.57688011710643e-05, -6.517522970648071e-05, -6.393546937916709e-05, -6.188069950762816e-05, -5.860548840173236e-05, -5.5234217042228435e-05, -5.0947021408792394e-05, -4.767641175189289e-05]",1.3101885040008175e-05,"[-1.2112935964773591e-05, -1.309223935102526e-05, -1.0413305636700163e-05, -9.970582762687739e-06, -8.636573233760398e-06, -6.452865002414824e-06, -3.99291763052249e-06, -2.744404862825327e-06, -8.53970670598334e-07, 2.744404862825327e-06, 3.99291763052249e-06, 6.452865002414824e-06, 8.636573233760398e-06, 9.970582762687739e-06, 1.0413305636700163e-05, 1.309223935102526e-05, 1.2112935964773591e-05]",1.4962118080162927e-05,"[2.841964565291903e-05, 2.868240494652032e-05, 2.910178270647255e-05, 2.9521003616970436e-05, 2.990204681797272e-05, 2.962411825504493e-05, 2.8935224650577688e-05, 2.8141638281351767e-05, 2.787229216230795e-05, 2.8141638281351767e-05, 2.8935224650577688e-05, 2.962411825504493e-05, 2.990204681797272e-05, 2.9521003616970436e-05, 2.910178270647255e-05, 2.868240494652032e-05, 2.841964565291903e-05]",8.323261491621965e-07,"[1.3120124108303047e-06, 1.4419338776335153e-06, 1.1937181114936735e-06, 1.2824845606184318e-06, 6.028736318441072e-07, -7.382795181121316e-07, -1.4645121426365801e-06, -1.1303661049775157e-06, -1.2481585003539808e-08, 1.1303661049775157e-06, 1.4645121426365801e-06, 7.382795181121316e-07, -6.028736318441072e-07, -1.2824845606184318e-06, -1.1937181114936735e-06, -1.4419338776335153e-06, -1.3120124108303047e-06]",1.7438790690500841e-06
0.01722267699503838,0.029555407889469927,0.037706132642191525,0.02191797348439557,0.04086659940444061,0.05505157170897078,0.03652601442662912,0.07235477933243725,0.02114848717287186,0.035301863494496724,0.018384226412318627,0.8752497636085095,0.6243805589384721,37.326754607976376,0.4542231410553233,3,10037.183968024076,9.303999869264514,18568.79034084454,418620,"[-6.456214634711974e-05, -7.362735021468743e-05, -7.973191570147358e-05, -9.415467966548495e-05, -0.00010571982866533537, -0.000104964590469833, -9.632332951517195e-05, -8.691170453282812e-05, -7.32774082621411e-05, -8.691170453282812e-05, -9.632332951517195e-05, -0.000104964590469833, -0.00010571982866533537, -9.415467966548495e-05, -7.973191570147358e-05, -7.362735021468743e-05, -6.456214634711974e-05]",2.6702243921954398e-05,"[-8.747761690451756e-05, -7.171936039882085e-05, -4.9140131310468806e-05, -5.559249682877656e-05, -5.992170391307404e-05, -1.7330504888001915e-05, -1.387913974491542e-06, 1.1942971743708727e-05, -5.830180302842558e-06, -1.1942971743708727e-05, 1.387913974491542e-06, 1.7330504888001915e-05, 5.992170391307404e-05, 5.559249682877656e-05, 4.9140131310468806e-05, 7.171936039882085e-05, 8.747761690451756e-05]",1.4375233069186479e-05,"[-5.591102096099028e-05, -6.082589880021527e-05, -7.170276821364402e-05, -7.904953849615085e-05, -8.697410209791356e-05, -8.834739315837181e-05, -8.436014452831107e-05, -8.713131497850318e-05, -8.995634322065894e-05, -8.713131497850318e-05, -8.436014452831107e-05, -8.834739315837181e-05, -8.697410209791356e-05, -7.904953849615085e-05, -7.170276821364402e-05, -6.082589880021527e-05, -5.591102096099028e-05]",2.4709038413951856e-05,"[-2.8894763344933316e-05, -2.366671760197502e-05, -1.6147419346019314e-05, -1.8371870432150755e-05, -1.9880372879201768e-05, -5.0116629823023725e-06, 2.732668690543381e-07, 4.592203594734902e-06, -1.6611501787918178e-06, -4.592203594734902e-06, -2.732668690543381e-07, 5.0116629823023725e-06, 1.9880372879201768e-05, 1.8371870432150755e-05, 1.6147419346019314e-05, 2.366671760197502e-05, 2.8894763344933316e-05]",3.340462856083747e-05,"[2.5103803078117397e-05, 2.7998844592121456e-05, 2.9669216580710153e-05, 3.404971244536873e-05, 3.7469737466494355e-05, 3.712865086001652e-05, 3.44571623088339e-05, 3.107167742023641e-05, 2.592946668389473e-05, 3.107167742023641e-05, 3.44571623088339e-05, 3.712865086001652e-05, 3.7469737466494355e-05, 3.404971244536873e-05, 2.9669216580710153e-05, 2.7998844592121456e-05, 2.5103803078117397e-05]",7.897941436610749e-06,"[4.57747513613944e-06, 4.498935417228286e-06, 3.709621724845284e-06, 5.835889110173787e-06, 5.658915739041146e-06, -5.355227545936622e-06, -6.889309565065946e-06, -5.403873225603045e-06, -3.00065113508657e-07, 5.403873225603045e-06, 6.889309565065946e-06, 5.355227545936622e-06, -5.658915739041146e-06, -5.835889110173787e-06, -3.709621724845284e-06, -4.498935417228286e-06, -4.57747513613944e-06]",6.910352366169831e-06
0.0304365635396311,0.010445939875221662,0.035979221019707464,0.03936796871655729,0.02438573901751161,0.029041636572065467,0.04289374734809613,0.07653233348555534,0.02671324800409385,0.00836695245244354,-0.7480718967856197,0.6737557075096993,1.0194567196899988,26.494751294738936,0.6950047948481565,4,9271.039265848689,8.135271845988239,17151.422641820074,416292,"[-8.328201014245486e-05, -8.169418441004762e-05, -8.071143674364858e-05, -8.209404393608742e-05, -8.357386389859572e-05, -7.979071377718366e-05, -7.795180529003623e-05, -7.693242522802944e-05, -7.789246044895432e-05, -7.693242522802944e-05, -7.795180529003623e-05, -7.979071377718366e-05, -8.357386389859572e-05, -8.209404393608742e-05, -8.071143674364858e-05, -8.169418441004762e-05, -8.328201014245486e-05]",3.5324806496509678e-06,"[-5.5095041099344455e-05, -5.1326618664756987e-05, -3.8524329558341336e-05, -3.2977354167521515e-05, -2.8420419054565647e-05, -1.7405158723001095e-05, -7.081198658825339e-06, -8.140876364923813e-06, -3.552418787679164e-06, 8.140876364923813e-06, 7.081198658825339e-06, 1.7405158723001095e-05, 2.8420419054565647e-05, 3.2977354167521515e-05, 3.8524329558341336e-05, 5.1326618664756987e-05, 5.5095041099344455e-05]",3.1380687084851996e-06,"[-5.463108479002354e-05, -5.8479978853914415e-05, -6.424303465877435e-05, -6.8133838264875e-05, -7.131598227671452e-05, -7.312630595517075e-05, -7.420885961083044e-05, -7.535412644069983e-05, -7.54995157270349e-05, -7.535412644069983e-05, -7.420885961083044e-05, -7.312630595517075e-05, -7.131598227671452e-05, -6.8133838264875e-05, -6.424303465877435e-05, -5.8479978853914415e-05, -5.463108479002354e-05]",1.5109273951343822e-05,"[-1.8132929262161542e-05, -1.684172838629762e-05, -1.2509830929837923e-05, -1.0603881883069484e-05, -9.06989565193642e-06, -5.37143621366543e-06, -1.9507998481846882e-06, -2.351325410360167e-06, -9.661692105011626e-07, 2.351325410360167e-06, 1.9507998481846882e-06, 5.37143621366543e-06, 9.06989565193642e-06, 1.0603881883069484e-05, 1.2509830929837923e-05, 1.684172838629762e-05, 1.8132929262161542e-05]",2.108695894529085e-05,"[3.399036986576029e-05, 3.313807348400332e-05, 3.2451009619521696e-05, 3.270223683380818e-05, 3.299672589561199e-05, 3.162219090217445e-05, 3.086571585050843e-05, 3.0434188442763164e-05, 3.05661300302498e-05, 3.0434188442763164e-05, 3.086571585050843e-05, 3.162219090217445e-05, 3.299672589561199e-05, 3.270223683380818e-05, 3.2451009619521696e-05, 3.313807348400332e-05, 3.399036986576029e-05]",2.1590718047861758e-06,"[2.8406905803298637e-06, 2.2397889136537308e-06, 9.150692835977483e-07, -4.840898213994434e-08, -4.5171417248598564e-07, -1.2176325795799737e-06, -1.8193916983236672e-06, -1.236875311063876e-06, -1.4247202343744573e-07, 1.236875311063876e-06, 1.8193916983236672e-06, 1.2176325795799737e-06, 4.5171417248598564e-07, 4.840898213994434e-08, -9.150692835977483e-07, -2.2397889136537308e-06, -2.8406905803298637e-06]",3.2441514325904927e-06
0.015337754401518277,0.028604680127949624,0.028961349192479224,0.027858799090001524,0.039629096592541824,0.017190838791067562,0.08364730035814354,0.04101498831836877,0.005401529385047513,0.0313858473162912,0.5136348716383959,0.22576263347246361,1.4147260205584051,2.0347687011719597,0.5186790036700425,4,9845.34583202771,10.06271318851058,18213.889789251265,435582,"[-7.529523280911544e-05, -9.007972206434427e-05, -8.206480591378158e-05, -9.628597625298289e-05, -8.208335707134017e-05, -8.677935699435055e-05, -7.768145975907494e-05, -8.374612023111344e-05, -9.455454654799479e-05, -8.374612023111344e-05, -7.768145975907494e-05, -8.677935699435055e-05, -8.208335707134017e-05, -9.628597625298289e-05, -8.206480591378158e-05, -9.007972206434427e-05, -7.529523280911544e-05]",1.160910115741984e-05,"[-7.774550463683205e-05, -9.33670892823818e-05, -3.7192399001931225e-05, -2.053581437296034e-05, -4.126041989652453e-05, -5.074550697005819e-05, 1.728984034118142e-05, -1.3497172590659208e-05, -1.929352348551753e-05, 1.3497172590659208e-05, -1.728984034118142e-05, 5.074550697005819e-05, 4.126041989652453e-05, 2.053581437296034e-05, 3.7192399001931225e-05, 9.33670892823818e-05, 7.774550463683205e-05]",2.1409717235522928e-05,"[-5.7135194665670554e-05, -6.802912239383601e-05, -7.543936283867106e-05, -8.284916436497982e-05, -8.617482856673141e-05, -8.895933975906606e-05, -8.866788042073627e-05, -8.920513610007889e-05, -9.623337854032704e-05, -8.920513610007889e-05, -8.866788042073627e-05, -8.895933975906606e-05, -8.617482856673141e-05, -8.284916436497982e-05, -7.543936283867106e-05, -6.802912239383601e-05, -5.7135194665670554e-05]",2.6027429931797706e-05,"[-2.5949361492691136e-05, -3.110360342843695e-05, -1.186552533106873e-05, -6.088064383701678e-06, -1.3274607088635898e-05, -1.663411761103209e-05, 6.220813511517774e-06, -4.206299207188707e-06, -6.256390897984302e-06, 4.206299207188707e-06, -6.220813511517774e-06, 1.663411761103209e-05, 1.3274607088635898e-05, 6.088064383701678e-06, 1.186552533106873e-05, 3.110360342843695e-05, 2.5949361492691136e-05]",3.050327022719684e-05,"[2.862330130360789e-05, 3.28829285385262e-05, 2.9644127977591282e-05, 3.427763719265806e-05, 2.9500144874862275e-05, 3.0783822458178493e-05, 2.7804878363115342e-05, 2.9905860792561747e-05, 3.27335124648941e-05, 2.9905860792561747e-05, 2.7804878363115342e-05, 3.0783822458178493e-05, 2.9500144874862275e-05, 3.427763719265806e-05, 2.9644127977591282e-05, 3.28829285385262e-05, 2.862330130360789e-05]",2.815010704820993e-06,"[8.153759832233522e-06, 8.791344573283634e-06, -4.774010690235359e-07, -4.570687151851849e-06, -1.0568461151266758e-06, 2.0867167142968873e-06, -2.9822431793844852e-06, 1.0942622560918875e-06, 1.489453245368117e-06, -1.0942622560918875e-06, 2.9822431793844852e-06, -2.0867167142968873e-06, 1.0568461151266758e-06, 4.570687151851849e-06, 4.774010690235359e-07, -8.791344573283634e-06, -8.153759832233522e-06]",9.29598276681265e-06
0.024708515281789082,0.013899843119142816,0.03218025558201566,0.04232033508170148,0.04461236140567362,0.07711546798241659,0.046356647208828004,0.05359265812447438,0.031561142522870976,0.030166125981419083,-0.675378874325449,0.5230721768006283,1.2789900805096295,4.349298052946474,0.656293806807342,5,10094.446181110956,8.998130637187865,18674.72543505527,425910,"[-6.563508152305749e-05, -6.673172524617767e-05, -6.849919612856002e-05, -6.73756763241668e-05, -6.974686552080511e-05, -7.250813232113813e-05, -7.290039792685768e-05, -7.001449760607792e-05, -7.169768089225934e-05, -7.001449760607792e-05, -7.290039792685768e-05, -7.250813232113813e-05, -6.974686552080511e-05, -6.73756763241668e-05, -6.849919612856002e-05, -6.673172524617767e-05, -6.563508152305749e-05]",4.431474437129986e-06,"[-6.284675919729572e-05, -6.0728629471494947e-05, -4.2388062992056715e-05, -3.498773731161868e-05, -2.7522035762456942e-05, -1.3844785817645409e-05, -8.672048148051448e-06, -2.601456347066466e-06, -6.031782709082229e-06, 2.601456347066466e-06, 8.672048148051448e-06, 1.3844785817645409e-05, 2.7522035762456942e-05, 3.498773731161868e-05, 4.2388062992056715e-05, 6.0728629471494947e-05, 6.284675919729572e-05]",5.728987098752848e-06,"[-5.2122087476519064e-05, -5.7048903579831834e-05, -6.521171331912917e-05, -6.793288191223818e-05, -7.298734322487594e-05, -7.486996496142948e-05, -7.503642970636293e-05, -7.685904269155841e-05, -7.737548190733981e-05, -7.685904269155841e-05, -7.503642970636293e-05, -7.486996496142948e-05, -7.298734322487594e-05, -6.793288191223818e-05, -6.521171331912917e-05, -5.7048903579831834e-05, -5.2122087476519064e-05]",1.832474658549876e-05,"[-2.0599963542757863e-05, -1.9830666571640232e-05, -1.37695819919704e-05, -1.1231595081897636e-05, -8.811108530028783e-06, -4.177054092933611e-06, -2.513628040436082e-06, -5.092240700268692e-07, -1.777486369646285e-06, 5.092240700268692e-07, 2.513628040436082e-06, 4.177054092933611e-06, 8.811108530028783e-06, 1.1231595081897636e-05, 1.37695819919704e-05, 1.9830666571640232e-05, 2.0599963542757863e-05]",2.3780950873058548e-05,"[2.652727795860034e-05, 2.658555158651115e-05, 2.6821154132679252e-05, 2.63429195652086e-05, 2.6906501698972608e-05, 2.7828436603901953e-05, 2.7966255869783744e-05, 2.6918756334479237e-05, 2.732383550588434e-05, 2.6918756334479237e-05, 2.7966255869783744e-05, 2.7828436603901953e-05, 2.6906501698972608e-05, 2.63429195652086e-05, 2.6821154132679252e-05, 2.658555158651115e-05, 2.652727795860034e-05]",7.277472262232011e-07,"[1.846755296301998e-06, 1.2642522767036908e-06, 1.2093253798460875e-06, 3.5697770147352973e-07, 5.613735455113164e-07, -1.5296295925278158e-06, -1.508534263634692e-06, -1.1872697541373631e-06, 1.922943067428092e-07, 1.1872697541373631e-06, 1.508534263634692e-06, 1.5296295925278158e-06, -5.613735455113164e-07, -3.5697770147352973e-07, -1.2093253798460875e-06, -1.2642522767036908e-06, -1.846755296301998e-06]",2.2120417376444085e-06
0.020000289548274302,0.01713387657883502,0.03460169599467917,0.033750101125164286,0.0343510922774055,0.051174350161469886,0.015629414719827258,0.06885794884382616,0.02957606284401546,0.020675645764747404,-0.1752004596426685,0.5448883665673454,0.8455890987076188,17.920875409492048,0.5279876813996105,5,9966.661166787733,9.868373520353318,18438.32315855731,444978,"[-6.772249381060085e-05, -6.923157300087644e-05, -7.085965441850796e-05, -7.261057023988148e-05, -8.273878661344102e-05, -7.905155133919058e-05, -7.969279374106899e-05, -8.207581952595857e-05, -8.579660562959647e-05, -8.207581952595857e-05, -7.969279374106899e-05, -7.905155133919058e-05, -8.273878661344102e-05, -7.261057023988148e-05, -7.085965441850796e-05, -6.923157300087644e-05, -6.772249381060085e-05]",1.0304149823232754e-05,"[-6.913665626699832e-05, -6.901133204561077e-05, -4.901678898169003e-05, -3.948453091855495e-05, -4.409106953118509e-05, -1.3690674818908224e-05, -4.498753388731219e-06, -9.889563034585436e-06, -3.8511612491454855e-06, 9.889563034585436e-06, 4.498753388731219e-06, 1.3690674818908224e-05, 4.409106953118509e-05, 3.948453091855495e-05, 4.901678898169003e-05, 6.901133204561077e-05, 6.913665626699832e-05]",7.725351828174665e-06,"[-5.433182579319368e-05, -5.954474075862146e-05, -6.890858246639419e-05, -7.11268778630249e-05, -7.944066629111916e-05, -8.140740502505024e-05, -8.190206049839799e-05, -8.451673216709386e-05, -8.406016539610323e-05, -8.451673216709386e-05, -8.190206049839799e-05, -8.140740502505024e-05, -7.944066629111916e-05, -7.11268778630249e-05, -6.890858246639419e-05, -5.954474075862146e-05, -5.433182579319368e-05]",2.1688718823496172e-05,"[-2.2666972760596876e-05, -2.2589990252591284e-05, -1.5942018153888394e-05, -1.2734015020271126e-05, -1.4373612718320511e-05, -4.17982270789366e-06, -1.1030706019900045e-06, -2.8313869317370913e-06, -1.0356986488319687e-06, 2.8313869317370913e-06, 1.1030706019900045e-06, 4.17982270789366e-06, 1.4373612718320511e-05, 1.2734015020271126e-05, 1.5942018153888394e-05, 2.2589990252591284e-05, 2.2666972760596876e-05]",2.66082623504526e-05,"[2.6891049722464184e-05, 2.7094925632720793e-05, 2.722704385783893e-05, 2.798559991455897e-05, 3.0980696014062186e-05, 2.972901433627423e-05, 2.9811576458112683e-05, 3.056437703320035e-05, 3.166592472350608e-05, 3.056437703320035e-05, 2.9811576458112683e-05, 2.972901433627423e-05, 3.0980696014062186e-05, 2.798559991455897e-05, 2.722704385783893e-05, 2.7094925632720793e-05, 2.6891049722464184e-05]",2.646957700758685e-06,"[2.5291651574243525e-06, 2.230743951066507e-06, 1.0184059771196642e-06, 8.448824052786516e-07, 1.8301763694687408e-06, -5.992846199216286e-07, -1.2413709137120893e-06, -1.7525696221396131e-06, -4.808102403731444e-07, 1.7525696221396131e-06, 1.2413709137120893e-06, 5.992846199216286e-07, -1.8301763694687408e-06, -8.448824052786516e-07, -1.0184059771196642e-06, -2.230743951066507e-06, -2.5291651574243525e-06]",3.01268785018477e-06
0.03700668850705638,0.012395985402948749,0.044976221727144904,0.0309639069017282,0.028217482598850208,0.042121939286409074,0.09779946639076441,0.04684537753247828,0.01460401016254793,0.02888852598156266,-0.24590146080297626,0.8358223745979378,0.5949544875823739,15.553672378781565,0.5995474387759072,2,9841.55772806091,6.550661221834316,18206.881796912687,395616,"[-7.146633871026469e-05, -7.222800467396865e-05, -7.586360771870801e-05, -8.02503047058189e-05, -8.02396068987706e-05, -7.793869601740842e-05, -7.376472541120975e-05, -7.121766412662507e-05, -6.93930256586027e-05, -7.121766412662507e-05, -7.376472541120975e-05, -7.793869601740842e-05, -8.02396068987706e-05, -8.02503047058189e-05, -7.586360771870801e-05, -7.222800467396865e-05, -7.146633871026469e-05]",5.126970739409218e-06,"[-4.139424722755706e-05, -4.1636636643993416e-05, -3.4896980747308845e-05, -3.277063739354421e-05, -2.9237247543178343e-05, -2.188634137036443e-05, -9.577801245006405e-06, -5.18234254128929e-06, -3.3992305730524854e-06, 5.18234254128929e-06, 9.577801245006405e-06, 2.188634137036443e-05, 2.9237247543178343e-05, 3.277063739354421e-05, 3.4896980747308845e-05, 4.1636636643993416e-05, 4.139424722755706e-05]",4.9890652234527696e-06,"[-4.965749131059814e-05, -5.2882920886246205e-05, -5.797852056149668e-05, -6.189959922714612e-05, -6.460191826098982e-05, -6.667573041524205e-05, -6.717357934117791e-05, -6.79172743812541e-05, -6.838781845779508e-05, -6.79172743812541e-05, -6.717357934117791e-05, -6.667573041524205e-05, -6.460191826098982e-05, -6.189959922714612e-05, -5.797852056149668e-05, -5.2882920886246205e-05, -4.965749131059814e-05]",1.3539111467429337e-05,"[-1.3606995000392418e-05, -1.3721951454577286e-05, -1.146156829358178e-05, -1.0700581470978515e-05, -9.446786718612328e-06, -6.898813294312244e-06, -2.7741487843516667e-06, -1.3515571702886364e-06, -9.234809825446827e-07, 1.3515571702886364e-06, 2.7741487843516667e-06, 6.898813294312244e-06, 9.446786718612328e-06, 1.0700581470978515e-05, 1.146156829358178e-05, 1.3721951454577286e-05, 1.3606995000392418e-05]",1.6546933378985898e-05,"[2.913879847851936e-05, 2.9057101062077503e-05, 2.988604336412131e-05, 3.103979395012348e-05, 3.07668534765021e-05, 2.9797159118115524e-05, 2.833882049311298e-05, 2.735581360675023e-05, 2.6601805513172218e-05, 2.735581360675023e-05, 2.833882049311298e-05, 2.9797159118115524e-05, 3.07668534765021e-05, 3.103979395012348e-05, 2.988604336412131e-05, 2.9057101062077503e-05, 2.913879847851936e-05]",1.2970555551347302e-06,"[2.2766439638541237e-06, 2.8831338381746668e-06, 2.5348820167955156e-06, 1.6617036572050969e-06, 3.3033939469487576e-07, -1.4360705107692843e-06, -2.349639357421521e-06, -1.8244641688614961e-06, 1.77246882174406e-08, 1.8244641688614961e-06, 2.349639357421521e-06, 1.4360705107692843e-06, -3.3033939469487576e-07, -1.6617036572050969e-06, -2.5348820167955156e-06, -2.8831338381746668e-06, -2.2766439638541237e-06]",3.0238186150776175e-06
0.021263337341949982,0.020895565139861856,0.020900861915014227,0.03176530539620676,0.03178886229845633,0.061762361937096236,0.025364371891775633,0.010283481921685817,0.013233759364523208,0.018067988537626707,-0.5524936555180257,0.4246923044799493,0.8983494140849835,18.161685483595903,0.5930686548377608,3,8256.028391911099,8.356304936123413,15273.652525035533,415020,"[-7.665418863991872e-05, -7.654677709704709e-05, -8.424091170242623e-05, -8.695073242472585e-05, -9.395606501323258e-05, -9.405299051364596e-05, -9.997333144143924e-05, -9.228386273396028e-05, -9.065509786039557e-05, -9.228386273396028e-05, -9.997333144143924e-05, -9.405299051364596e-05, -9.395606501323258e-05, -8.695073242472585e-05, -8.424091170242623e-05, -7.654677709704709e-05, -7.665418863991872e-05]",1.393997136228598e-05,"[-7.717877460008831e-05, -8.086579318638267e-05, -4.3607668434248454e-05, -3.030365771980133e-05, -4.045791292466167e-05, -1.991117395806463e-05, 4.461117609276881e-06, -6.1643507287691e-06, -6.327319545253704e-06, 6.1643507287691e-06, -4.461117609276881e-06, 1.991117395806463e-05, 4.045791292466167e-05, 3.030365771980133e-05, 4.3607668434248454e-05, 8.086579318638267e-05, 7.717877460008831e-05]",1.2763697322372084e-05,"[-5.804506466008268e-05, -6.450050251466963e-05, -7.274651957873302e-05, -7.941977889833409e-05, -8.500741324506833e-05, -8.626901860094079e-05, -8.772580368652685e-05, -8.807043797416882e-05, -9.007242096247354e-05, -8.807043797416882e-05, -8.772580368652685e-05, -8.626901860094079e-05, -8.500741324506833e-05, -7.941977889833409e-05, -7.274651957873302e-05, -6.450050251466963e-05, -5.804506466008268e-05]",2.3094661385459217e-05,"[-2.5346550412033992e-05, -2.656408705407982e-05, -1.4142297481929814e-05, -9.637164863536977e-06, -1.323653634575352e-05, -6.108526681745332e-06, 2.208684392835552e-06, -1.5766802663579026e-06, -1.8726458333431743e-06, 1.5766802663579026e-06, -2.208684392835552e-06, 6.108526681745332e-06, 1.323653634575352e-05, 9.637164863536977e-06, 1.4142297481929814e-05, 2.656408705407982e-05, 2.5346550412033992e-05]",2.9257387410899498e-05,"[3.0884014168389895e-05, 3.058280629054646e-05, 3.295715426460552e-05, 3.36678869513069e-05, 3.58077462788683e-05, 3.5816576650903085e-05, 3.787249310856812e-05, 3.530477784038557e-05, 3.45328016085992e-05, 3.530477784038557e-05, 3.787249310856812e-05, 3.5816576650903085e-05, 3.58077462788683e-05, 3.36678869513069e-05, 3.295715426460552e-05, 3.058280629054646e-05, 3.0884014168389895e-05]",3.996332266822499e-06,"[2.708291545904977e-06, 3.1131229699902418e-06, 9.612817136331485e-07, 4.1851233329874005e-07, 3.3370624713038787e-06, -1.496616093743189e-06, -5.488138682573038e-06, -2.538041950840691e-06, -3.741189567272353e-09, 2.538041950840691e-06, 5.488138682573038e-06, 1.496616093743189e-06, -3.3370624713038787e-06, -4.1851233329874005e-07, -9.612817136331485e-07, -3.1131229699902418e-06, -2.708291545904977e-06]",3.917067738874352e-06
0.026735973298606837,0.022325221998800847,0.024990124760639765,0.02617384918607393,0.029071490103602722,0.010931144497726895,0.012177979116145253,0.07546425867739864,0.015877189168698663,0.006131451199032091,-0.8302029029846524,0.4666332529372915,0.9786827565624572,28.806089816898837,0.5530124705676573,4,8389.987392005174,7.048051181871414,15521.476675209573,439275,"[-8.050222846340921e-05, -8.212609164069633e-05, -8.578908785002264e-05, -9.216622796235881e-05, -9.726841855522697e-05, -9.232170724964435e-05, -8.917942459725824e-05, -8.733002095080548e-05, -9.068490204565542e-05, -8.733002095080548e-05, -8.917942459725824e-05, -9.232170724964435e-05, -9.726841855522697e-05, -9.216622796235881e-05, -8.578908785002264e-05, -8.212609164069633e-05, -8.050222846340921e-05]",9.46322797006836e-06,"[-6.432036779953515e-05, -6.384983686071242e-05, -4.0455533794364984e-05, -3.203762820025243e-05, -2.933881946963641e-05, -1.3411525471180248e-05, -7.686107251540187e-07, -4.553977562931847e-06, -2.741270643591512e-06, 4.553977562931847e-06, 7.686107251540187e-07, 1.3411525471180248e-05, 2.933881946963641e-05, 3.203762820025243e-05, 4.0455533794364984e-05, 6.384983686071242e-05, 6.432036779953515e-05]",8.098756065807678e-06,"[-5.492798525946689e-05, -5.9687254465355186e-05, -6.707589493973255e-05, -7.257205595020642e-05, -7.634112408241461e-05, -7.79790362820615e-05, -7.900097123821803e-05, -7.923674973471756e-05, -8.07259335593828e-05, -7.923674973471756e-05, -7.900097123821803e-05, -7.79790362820615e-05, -7.634112408241461e-05, -7.257205595020642e-05, -6.707589493973255e-05, -5.9687254465355186e-05, -5.492798525946689e-05]",1.870703171820327e-05,"[-2.1243822042468526e-05, -2.1038900450553395e-05, -1.3159603192332363e-05, -1.0277793967960373e-05, -9.311513378444474e-06, -3.9585484408929335e-06, 2.788393033756621e-07, -1.0353054357389276e-06, -6.64345961094214e-07, 1.0353054357389276e-06, -2.788393033756621e-07, 3.9585484408929335e-06, 9.311513378444474e-06, 1.0277793967960373e-05, 1.3159603192332363e-05, 2.1038900450553395e-05, 2.1243822042468526e-05]",2.4491114176597335e-05,"[3.229439126897995e-05, 3.244733277748775e-05, 3.33350133483433e-05, 3.525026216561965e-05, 3.690256108276361e-05, 3.5192436826387174e-05, 3.4139218558070594e-05, 3.353113358611407e-05, 3.449711985567818e-05, 3.353113358611407e-05, 3.4139218558070594e-05, 3.5192436826387174e-05, 3.690256108276361e-05, 3.525026216561965e-05, 3.33350133483433e-05, 3.244733277748775e-05, 3.229439126897995e-05]",2.3473710240595444e-06,"[4.280807593493572e-06, 3.642908404850453e-06, 1.500232349549858e-06, 6.313094290974922e-08, -6.328527227698653e-07, -2.0327847736760292e-06, -3.1923933485992167e-06, -2.393848318891568e-06, -1.8555876614308602e-07, 2.393848318891568e-06, 3.1923933485992167e-06, 2.0327847736760292e-06, 6.328527227698653e-07, -6.313094290974922e-08, -1.500232349549858e-06, -3.642908404850453e-06, -4.280807593493572e-06]",4.980929548699573e-06
0.043746306496652,0.02389848428279733,0.02764547762226543,0.020680885337273584,0.027321775965177063,0.022720739316419422,0.08705333840301328,0.01584353029022641,0.027794602130976745,0.038553562546913896,0.07685572180035416,0.37982136579561443,0.687623132375838,21.808282772727583,0.41907349381401005,3,10217.889965917822,6.804166808873824,18903.096436947973,419805,"[-6.256247312320626e-05, -6.412435653005282e-05, -6.710829958045774e-05, -6.990903980368927e-05, -7.377418022668885e-05, -7.559910217881213e-05, -7.514010978350328e-05, -7.383287184708905e-05, -7.28583923858629e-05, -7.383287184708905e-05, -7.514010978350328e-05, -7.559910217881213e-05, -7.377418022668885e-05, -6.990903980368927e-05, -6.710829958045774e-05, -6.412435653005282e-05, -6.256247312320626e-05]",9.145580361990868e-06,"[-3.931306335552801e-05, -4.3338411051583475e-05, -3.736057185514187e-05, -3.47299167361822e-05, -3.0449899715140236e-05, -2.222447184305703e-05, -1.577421071839968e-05, -9.610256574136299e-06, -3.420192960658172e-06, 9.610256574136299e-06, 1.577421071839968e-05, 2.222447184305703e-05, 3.0449899715140236e-05, 3.47299167361822e-05, 3.736057185514187e-05, 4.3338411051583475e-05, 3.931306335552801e-05]",7.521635055344052e-06,"[-4.764717412048007e-05, -5.1250279933006035e-05, -5.556692391877097e-05, -5.96237947277196e-05, -6.326095096683283e-05, -6.611305537193238e-05, -6.745268295767951e-05, -6.873677546015707e-05, -6.926336018629063e-05, -6.873677546015707e-05, -6.745268295767951e-05, -6.611305537193238e-05, -6.326095096683283e-05, -5.96237947277196e-05, -5.556692391877097e-05, -5.1250279933006035e-05, -4.764717412048007e-05]",1.4850558564724853e-05,"[-1.274501333987627e-05, -1.4036449969317905e-05, -1.2094872202941383e-05, -1.1241033328252255e-05, -9.818233966380339e-06, -7.018141807799513e-06, -4.843075092420678e-06, -2.866475927713669e-06, -9.22222086409575e-07, 2.866475927713669e-06, 4.843075092420678e-06, 7.018141807799513e-06, 9.818233966380339e-06, 1.1241033328252255e-05, 1.2094872202941383e-05, 1.4036449969317905e-05, 1.274501333987627e-05]",1.6010291788117462e-05,"[2.5392931312929787e-05, 2.5701685613116085e-05, 2.6537546277493e-05, 2.7302183713082338e-05, 2.843399566476674e-05, 2.8843279411343324e-05, 2.859358061655869e-05, 2.802271316563744e-05, 2.7579652517732926e-05, 2.802271316563744e-05, 2.859358061655869e-05, 2.8843279411343324e-05, 2.843399566476674e-05, 2.7302183713082338e-05, 2.6537546277493e-05, 2.5701685613116085e-05, 2.5392931312929787e-05]",2.320103322398324e-06,"[5.26881364856539e-07, 6.44875624595564e-07, 1.0571620684389497e-06, 1.3164781699344649e-06, 9.635320263632008e-07, -7.290523934146013e-07, -1.5576852922045294e-06, -1.1042291481084116e-06, -8.899078958993612e-08, 1.1042291481084116e-06, 1.5576852922045294e-06, 7.290523934146013e-07, -9.635320263632008e-07, -1.3164781699344649e-06, -1.0571620684389497e-06, -6.44875624595564e-07, -5.26881364856539e-07]",1.1407052942250186e-06
0.028919892261020947,0.026893089786099833,0.04139868545318914,0.03592001178673285,0.022209037542106173,0.08984580976266264,0.07019181188492891,0.03566101835430854,0.0398540822817827,0.02641208511431895,0.1443426889570908,0.5818239829134301,1.1986680455773362,12.248680456173322,0.6815343503656073,5,10958.344156102956,10.751446551090336,20272.93668879047,417030,"[-6.895588408922517e-05, -6.890430556419983e-05, -7.06635996942862e-05, -6.811748869543038e-05, -6.971680338022456e-05, -7.185398406768181e-05, -7.136711222159575e-05, -7.07597109853716e-05, -7.198476178964349e-05, -7.07597109853716e-05, -7.136711222159575e-05, -7.185398406768181e-05, -6.971680338022456e-05, -6.811748869543038e-05, -7.06635996942862e-05, -6.890430556419983e-05, -6.895588408922517e-05]",1.7574950108049562e-06,"[-5.732869948204315e-05, -4.8565355281588315e-05, -4.559299211735838e-05, -3.059836610138119e-05, -2.928035951754116e-05, -2.0161852808398805e-05, -1.5267712498201627e-05, -6.656994059118402e-06, -4.870569547978169e-06, 6.656994059118402e-06, 1.5267712498201627e-05, 2.0161852808398805e-05, 2.928035951754116e-05, 3.059836610138119e-05, 4.559299211735838e-05, 4.8565355281588315e-05, 5.732869948204315e-05]",2.4693063894964134e-06,"[-5.224388229469863e-05, -5.6860327186525365e-05, -6.2993917957122e-05, -6.621744992506316e-05, -7.012593990268353e-05, -7.284928514415482e-05, -7.318401928089486e-05, -7.494423602383855e-05, -7.572480383264607e-05, -7.494423602383855e-05, -7.318401928089486e-05, -7.284928514415482e-05, -7.012593990268353e-05, -6.621744992506316e-05, -6.2993917957122e-05, -5.6860327186525365e-05, -5.224388229469863e-05]",1.6470859358097893e-05,"[-1.8732427461266192e-05, -1.5775023571450273e-05, -1.4816688302133988e-05, -9.742393633831706e-06, -9.372904279116132e-06, -6.309084281041721e-06, -4.78305003229042e-06, -1.9312315169537072e-06, -1.3977243813635917e-06, 1.9312315169537072e-06, 4.78305003229042e-06, 6.309084281041721e-06, 9.372904279116132e-06, 9.742393633831706e-06, 1.4816688302133988e-05, 1.5775023571450273e-05, 1.8732427461266192e-05]",2.1763281189876164e-05,"[2.7045589632853965e-05, 2.6793830733430826e-05, 2.7085237767088833e-05, 2.6167230061485015e-05, 2.657880867249505e-05, 2.7143056916098964e-05, 2.6937799750187505e-05, 2.6616484310831247e-05, 2.6826736663558117e-05, 2.6616484310831247e-05, 2.6937799750187505e-05, 2.7143056916098964e-05, 2.657880867249505e-05, 2.6167230061485015e-05, 2.7085237767088833e-05, 2.6793830733430826e-05, 2.7045589632853965e-05]",3.8859516786337954e-07,"[1.2828292206815629e-06, 4.947929811304457e-07, 8.821953829260535e-07, -4.811482728591728e-07, 2.4944586807852747e-07, -9.066276909401029e-07, -4.440007821311978e-07, -3.785080848706542e-07, 1.822117022468091e-08, 3.785080848706542e-07, 4.440007821311978e-07, 9.066276909401029e-07, -2.4944586807852747e-07, 4.811482728591728e-07, -8.821953829260535e-07, -4.947929811304457e-07, -1.2828292206815629e-06]",1.4588338844184917e-06
0.04145212638506941,0.01906411107428225,0.027342884209972423,0.04368874099110323,0.03620167719515016,0.04043133950502259,0.0666370653904166,0.06070983371389964,0.018287116910586754,0.01061519786782185,-0.2800903963895873,0.6364741087329534,1.2197705499823472,10.821400496207382,0.49454748354357203,3,10288.383266639217,7.029952272304944,19033.509043282553,425742,"[-6.456510050796263e-05, -6.422859453768006e-05, -6.544044111676227e-05, -6.635930005962204e-05, -6.756177051666988e-05, -6.784722075151867e-05, -6.832080074187688e-05, -6.713710700720002e-05, -6.749109575029447e-05, -6.713710700720002e-05, -6.832080074187688e-05, -6.784722075151867e-05, -6.756177051666988e-05, -6.635930005962204e-05, -6.544044111676227e-05, -6.422859453768006e-05, -6.456510050796263e-05]",2.397355888402333e-06,"[-4.195572064025044e-05, -4.4617687920842506e-05, -3.531078233116711e-05, -3.0007371186507013e-05, -2.6878204495780497e-05, -2.11234062091214e-05, -1.114887250707684e-05, -7.903023870508318e-06, -3.6568974318277365e-06, 7.903023870508318e-06, 1.114887250707684e-05, 2.11234062091214e-05, 2.6878204495780497e-05, 3.0007371186507013e-05, 3.531078233116711e-05, 4.4617687920842506e-05, 4.195572064025044e-05]",4.4678025316171895e-06,"[-4.776231367974614e-05, -5.1108828542662565e-05, -5.5645869936852054e-05, -5.9061468353106165e-05, -6.229909818089373e-05, -6.459228245111806e-05, -6.580647213043947e-05, -6.696260253799376e-05, -6.732995822405401e-05, -6.696260253799376e-05, -6.580647213043947e-05, -6.459228245111806e-05, -6.229909818089373e-05, -5.9061468353106165e-05, -5.5645869936852054e-05, -5.1108828542662565e-05, -4.776231367974614e-05]",1.3639370231870992e-05,"[-1.3644902703287567e-05, -1.4458550333383851e-05, -1.1350598852921584e-05, -9.603808883703084e-06, -8.599347334667767e-06, -6.695891834430384e-06, -3.3647233579690765e-06, -2.3333070535160652e-06, -1.0023680367159938e-06, 2.3333070535160652e-06, 3.3647233579690765e-06, 6.695891834430384e-06, 8.599347334667767e-06, 9.603808883703084e-06, 1.1350598852921584e-05, 1.4458550333383851e-05, 1.3644902703287567e-05]",1.652532998227916e-05,"[2.620233470348173e-05, 2.5874573921770097e-05, 2.6134356343466674e-05, 2.632868479435239e-05, 2.665181666724912e-05, 2.662014954996844e-05, 2.671929475119538e-05, 2.62243137379854e-05, 2.6261715481816753e-05, 2.62243137379854e-05, 2.671929475119538e-05, 2.662014954996844e-05, 2.665181666724912e-05, 2.632868479435239e-05, 2.6134356343466674e-05, 2.5874573921770097e-05, 2.620233470348173e-05]",3.017809142848564e-07,"[8.595732030385278e-07, 4.935649513365555e-07, -6.592747304441331e-08, 6.78196336536279e-09, 3.3775574102584444e-07, -5.2374941599428384e-08, -9.675051477470168e-07, -7.723786220653383e-07, -7.517501003831545e-08, 7.723786220653383e-07, 9.675051477470168e-07, 5.2374941599428384e-08, -3.3775574102584444e-07, -6.78196336536279e-09, 6.592747304441331e-08, -4.935649513365555e-07, -8.595732030385278e-07]",1.0280837539195608e-06
0.03428953527927414,0.014409652839348464,0.023398842912279692,0.0262990921219127,0.03277197636115666,0.03258013077440669,0.060421702803087556,0.031188175934232946,0.023793187732640036,0.025372557341062564,0.5606548425126946,0.3246035940063019,1.0516617874550955,32.227655024425395,0.6390736383493703,5,9960.061028067988,8.007925473828717,18426.11290192578,430662,"[-7.249723557409912e-05, -7.373195796589693e-05, -7.28977284450019e-05, -7.383871552293099e-05, -7.538298154280418e-05, -7.8113607340919e-05, -7.666330759259898e-05, -7.697768535846915e-05, -8.077260020895721e-05, -7.697768535846915e-05, -7.666330759259898e-05, -7.8113607340919e-05, -7.538298154280418e-05, -7.383871552293099e-05, -7.28977284450019e-05, -7.373195796589693e-05, -7.249723557409912e-05]",3.678667921474335e-06,"[-4.936717774275611e-05, -4.911294638659415e-05, -4.016122453710056e-05, -3.488411679135248e-05, -2.9363028748833063e-05, -2.5191228969222146e-05, -1.4189556004516466e-05, -1.0999401917005437e-05, -4.51996774762589e-06, 1.0999401917005437e-05, 1.4189556004516466e-05, 2.5191228969222146e-05, 2.9363028748833063e-05, 3.488411679135248e-05, 4.016122453710056e-05, 4.911294638659415e-05, 4.936717774275611e-05]",4.399493442002973e-06,"[-5.198564783266878e-05, -5.585754157762104e-05, -6.069934545503739e-05, -6.570178872689907e-05, -6.835615906135998e-05, -7.16781862509951e-05, -7.304551442003633e-05, -7.42033799634695e-05, -7.607100664783258e-05, -7.42033799634695e-05, -7.304551442003633e-05, -7.16781862509951e-05, -6.835615906135998e-05, -6.570178872689907e-05, -6.069934545503739e-05, -5.585754157762104e-05, -5.198564783266878e-05]",1.5948594524260975e-05,"[-1.5974066698675405e-05, -1.5845862064808205e-05, -1.2882636657592647e-05, -1.1137412529901761e-05, -9.328582016861143e-06, -7.98977817501125e-06, -4.383003325152347e-06, -3.3473813028610595e-06, -1.2703492116463603e-06, 3.3473813028610595e-06, 4.383003325152347e-06, 7.98977817501125e-06, 9.328582016861143e-06, 1.1137412529901761e-05, 1.2882636657592647e-05, 1.5845862064808205e-05, 1.5974066698675405e-05]",1.918028161226333e-05,"[2.9817001173160045e-05, 3.005666283218184e-05, 2.964759630807267e-05, 2.981908967796659e-05, 3.0307334687012242e-05, 3.106048500954364e-05, 3.0498539265779402e-05, 3.0434349885803134e-05, 3.154173826643534e-05, 3.0434349885803134e-05, 3.0498539265779402e-05, 3.106048500954364e-05, 3.0307334687012242e-05, 2.981908967796659e-05, 2.964759630807267e-05, 3.005666283218184e-05, 2.9817001173160045e-05]",7.034195227416481e-07,"[-1.0173857353336207e-08, -1.5142232890046224e-07, -3.0141719908749995e-07, -3.081032612650951e-07, -4.422044665838953e-07, -3.434330847303326e-07, -5.620761531499677e-07, -3.0055089405999374e-07, 2.8366978785820812e-08, 3.0055089405999374e-07, 5.620761531499677e-07, 3.434330847303326e-07, 4.422044665838953e-07, 3.081032612650951e-07, 3.0141719908749995e-07, 1.5142232890046224e-07, 1.0173857353336207e-08]",3.3079840126898944e-07
0.022700972258955295,0.025821895624532673,0.03264108206971253,0.0366892461029522,0.025580997542438238,0.02630564114225812,0.05900381719491324,0.023298069243530246,0.009957646760407722,0.0124010826050481,0.698312086111531,0.3866457644407747,1.119187207131393,44.23201349599472,0.48488199396215054,3,9243.90337077086,8.12325101996109,17101.221235926092,414156,"[-7.191423728733133e-05, -7.0918662631242e-05, -7.482467663726641e-05, -7.86301320211238e-05, -8.113904254109753e-05, -8.595484478776394e-05, -9.11195227705068e-05, -8.544354516965612e-05, -8.857263720933734e-05, -8.544354516965612e-05, -9.11195227705068e-05, -8.595484478776394e-05, -8.113904254109753e-05, -7.86301320211238e-05, -7.482467663726641e-05, -7.0918662631242e-05, -7.191423728733133e-05]",1.0994314388263153e-05,"[-7.454786019141468e-05, -6.64825032033676e-05, -3.736398074092601e-05, -2.3940612034648813e-05, -3.1111443834449364e-05, -1.7215778413921364e-05, 5.614360958529593e-06, -6.488189875271395e-06, -5.9933486246665066e-06, 6.488189875271395e-06, -5.614360958529593e-06, 1.7215778413921364e-05, 3.1111443834449364e-05, 2.3940612034648813e-05, 3.736398074092601e-05, 6.64825032033676e-05, 7.454786019141468e-05]",1.3831237625551726e-05,"[-5.5901049694488554e-05, -6.084175768517903e-05, -6.870363314762845e-05, -7.392050764937323e-05, -7.670417072890919e-05, -7.968506348662387e-05, -8.070242790636487e-05, -8.094697145858757e-05, -8.238421954330052e-05, -8.094697145858757e-05, -8.070242790636487e-05, -7.968506348662387e-05, -7.670417072890919e-05, -7.392050764937323e-05, -6.870363314762845e-05, -6.084175768517903e-05, -5.5901049694488554e-05]",1.9111291584362284e-05,"[-2.4533563486464886e-05, -2.177341403709537e-05, -1.193360241206066e-05, -7.490431947467362e-06, -1.0069859543590991e-05, -5.3826091297531465e-06, 2.4358592783345294e-06, -1.7137643035445232e-06, -1.7765379661809734e-06, 1.7137643035445232e-06, -2.4358592783345294e-06, 5.3826091297531465e-06, 1.0069859543590991e-05, 7.490431947467362e-06, 1.193360241206066e-05, 2.177341403709537e-05, 2.4533563486464886e-05]",2.7627451583030537e-05,"[2.8260140925608653e-05, 2.7724434381792557e-05, 2.8723539259515713e-05, 2.986197840705695e-05, 3.078188562410237e-05, 3.23156082913326e-05, 3.406333778925006e-05, 3.218763092597664e-05, 3.297881815008252e-05, 3.218763092597664e-05, 3.406333778925006e-05, 3.23156082913326e-05, 3.078188562410237e-05, 2.986197840705695e-05, 2.8723539259515713e-05, 2.7724434381792557e-05, 2.8260140925608653e-05]",3.1828371292867386e-06,"[2.8272529743987157e-06, 1.8725566968337467e-06, -8.48409829525753e-07, -5.26104606828781e-07, 2.0222737059674767e-06, 1.4049123408082466e-07, -4.0556636595714385e-06, -2.0761896649404453e-06, 1.9772664874820806e-08, 2.0761896649404453e-06, 4.0556636595714385e-06, -1.4049123408082466e-07, -2.0222737059674767e-06, 5.26104606828781e-07, 8.48409829525753e-07, -1.8725566968337467e-06, -2.8272529743987157e-06]",3.518899579455685e-06
0.03860234819842347,0.016791559652177823,0.03673567310872881,0.04391051507562707,0.042259313380392925,0.08135012531880528,0.07990654779318854,0.04371256438235582,0.024581524335306408,0.03752202013784194,-0.653635603996479,0.7226307510915696,0.9175966428566612,40.01126561553116,0.43259675149368476,1,10543.256473424202,6.814572670056851,19505.024475834776,392016,"[-6.344751438647057e-05, -6.566850949458463e-05, -6.78969070195523e-05, -6.777158644959268e-05, -6.557703252682509e-05, -6.319365872600587e-05, -6.180873861564644e-05, -5.939065622995578e-05, -5.917395046269668e-05, -5.939065622995578e-05, -6.180873861564644e-05, -6.319365872600587e-05, -6.557703252682509e-05, -6.777158644959268e-05, -6.78969070195523e-05, -6.566850949458463e-05, -6.344751438647057e-05]",2.996118310738711e-06,"[-4.183334396246723e-05, -4.35962128609586e-05, -3.720967780106e-05, -3.170070976303141e-05, -2.676775220555664e-05, -2.0012108962602058e-05, -1.0523022312849353e-05, -7.997019887148094e-06, -3.880015011931672e-06, 7.997019887148094e-06, 1.0523022312849353e-05, 2.0012108962602058e-05, 2.676775220555664e-05, 3.170070976303141e-05, 3.720967780106e-05, 4.35962128609586e-05, 4.183334396246723e-05]",4.626246413195204e-06,"[-4.7149984918598975e-05, -5.0879945550727375e-05, -5.519195402640247e-05, -5.881740065518783e-05, -6.145557246833005e-05, -6.335890805372428e-05, -6.435941312545524e-05, -6.480044560314839e-05, -6.506613915963027e-05, -6.480044560314839e-05, -6.435941312545524e-05, -6.335890805372428e-05, -6.145557246833005e-05, -5.881740065518783e-05, -5.519195402640247e-05, -5.0879945550727375e-05, -4.7149984918598975e-05]",1.3062253479756053e-05,"[-1.3703412110776296e-05, -1.4255130182351523e-05, -1.2075930545162346e-05, -1.0208458198022778e-05, -8.500051736741142e-06, -6.248005642416103e-06, -3.112929900200236e-06, -2.339357517907211e-06, -1.0921660029159164e-06, 2.339357517907211e-06, 3.112929900200236e-06, 6.248005642416103e-06, 8.500051736741142e-06, 1.0208458198022778e-05, 1.2075930545162346e-05, 1.4255130182351523e-05, 1.3703412110776296e-05]",1.6624836591924705e-05,"[2.5413998824812328e-05, 2.5900598778085538e-05, 2.6440432855499888e-05, 2.6220469197669154e-05, 2.532653545693549e-05, 2.4405762800309413e-05, 2.387626073705689e-05, 2.299815468679016e-05, 2.2804820146806677e-05, 2.299815468679016e-05, 2.387626073705689e-05, 2.4405762800309413e-05, 2.532653545693549e-05, 2.6220469197669154e-05, 2.6440432855499888e-05, 2.5900598778085538e-05, 2.5413998824812328e-05]",1.3092332075832923e-06,"[1.9706880194051336e-06, 1.912739932401114e-06, 9.469295571374818e-07, 1.6777370273013563e-07, -9.497852277002775e-07, -1.3089953618615336e-06, -1.5456972852163666e-06, -9.148970435654531e-07, 3.9142753218980654e-08, 9.148970435654531e-07, 1.5456972852163666e-06, 1.3089953618615336e-06, 9.497852277002775e-07, -1.6777370273013563e-07, -9.469295571374818e-07, -1.912739932401114e-06, -1.9706880194051336e-06]",2.3575438407899998e-06
0.03916452337656254,0.024058473490787144,0.04270194711183568,0.023325146607682437,0.022725186719504468,0.08431235977479898,0.020641717292786153,0.06492546074204399,0.020445630026151355,0.016134515062719623,0.29570313425414796,0.7569749997438399,0.5079492012861508,31.077560820297585,0.5710805197478217,5,10334.326763679803,7.055365179444365,19118.504512807634,425565,"[-6.729462087038212e-05, -6.775572465578352e-05, -7.085762779838893e-05, -7.469760150528587e-05, -7.769764771791316e-05, -7.912136071645173e-05, -7.707828562519549e-05, -7.472176289880959e-05, -7.37131543817088e-05, -7.472176289880959e-05, -7.707828562519549e-05, -7.912136071645173e-05, -7.769764771791316e-05, -7.469760150528587e-05, -7.085762779838893e-05, -6.775572465578352e-05, -6.729462087038212e-05]",7.571524217446972e-06,"[-4.3197888944143475e-05, -4.206595565783415e-05, -3.915044910430183e-05, -3.49897627881021e-05, -2.989011509540006e-05, -1.9613249290504784e-05, -1.2872999000968488e-05, -6.7051113245666654e-06, -3.7880012292759376e-06, 6.7051113245666654e-06, 1.2872999000968488e-05, 1.9613249290504784e-05, 2.989011509540006e-05, 3.49897627881021e-05, 3.915044910430183e-05, 4.206595565783415e-05, 4.3197888944143475e-05]",5.101771979791235e-06,"[-4.897744941255974e-05, -5.2063306319397154e-05, -5.6853622480327686e-05, -6.080789876626445e-05, -6.470417055382788e-05, -6.714257698416558e-05, -6.783338115392564e-05, -6.915884386078526e-05, -6.936168777245466e-05, -6.915884386078526e-05, -6.783338115392564e-05, -6.714257698416558e-05, -6.470417055382788e-05, -6.080789876626445e-05, -5.6853622480327686e-05, -5.2063306319397154e-05, -4.897744941255974e-05]",1.438713148439106e-05,"[-1.4076780632104985e-05, -1.3708014537515487e-05, -1.2793977166458066e-05, -1.1424419199048008e-05, -9.707773656561871e-06, -6.193859381722747e-06, -3.897062485361436e-06, -1.9066927201183283e-06, -1.0483941901112907e-06, 1.9066927201183283e-06, 3.897062485361436e-06, 6.193859381722747e-06, 9.707773656561871e-06, 1.1424419199048008e-05, 1.2793977166458066e-05, 1.3708014537515487e-05, 1.4076780632104985e-05]",1.7156070468098712e-05,"[2.7341745721820586e-05, 2.725301306352162e-05, 2.80452332989355e-05, 2.9080569257312556e-05, 2.9813916869900065e-05, 3.0031560833354777e-05, 2.9216691132239942e-05, 2.825542016737668e-05, 2.7763524052872364e-05, 2.825542016737668e-05, 2.9216691132239942e-05, 3.0031560833354777e-05, 2.9813916869900065e-05, 2.9080569257312556e-05, 2.80452332989355e-05, 2.725301306352162e-05, 2.7341745721820586e-05]",1.5834504701778988e-06,"[1.05037675828987e-06, 1.265797435060293e-06, 1.9428669370423367e-06, 2.016968394446395e-06, 1.375083829393794e-06, -7.244604275509362e-07, -1.7754753257269065e-06, -1.3877077195497394e-06, -8.506054090588537e-08, 1.3877077195497394e-06, 1.7754753257269065e-06, 7.244604275509362e-07, -1.375083829393794e-06, -2.016968394446395e-06, -1.9428669370423367e-06, -1.265797435060293e-06, -1.05037675828987e-06]",1.799121070423851e-06
0.034553269891739596,0.02725563443087286,0.021721891893006523,0.04006512059515549,0.038635252301161736,0.09972708621585326,0.09162176841942213,0.05605168148790134,0.007592759374194236,0.022216759747358,-0.46987845931840655,0.12250086593737242,1.3325212650944964,22.596843868502376,0.40057590541507,4,10734.747076689959,7.265709654072311,19859.282091876423,449691,"[-6.24636259522197e-05, -6.36551356214084e-05, -6.535614480245773e-05, -6.901532277508653e-05, -6.912972137223742e-05, -6.97442554217361e-05, -6.913810480293291e-05, -6.898248439472313e-05, -7.128415757315516e-05, -6.898248439472313e-05, -6.913810480293291e-05, -6.97442554217361e-05, -6.912972137223742e-05, -6.901532277508653e-05, -6.535614480245773e-05, -6.36551356214084e-05, -6.24636259522197e-05]",5.69933492333215e-06,"[-4.368620135905057e-05, -4.715058471301865e-05, -3.5978853591144484e-05, -3.180189216012011e-05, -2.786993880775191e-05, -2.2707992702237024e-05, -9.481465720379761e-06, -7.620220273058708e-06, -5.793361201110382e-06, 7.620220273058708e-06, 9.481465720379761e-06, 2.2707992702237024e-05, 2.786993880775191e-05, 3.180189216012011e-05, 3.5978853591144484e-05, 4.715058471301865e-05, 4.368620135905057e-05]",4.971413702398892e-06,"[-4.813945575293117e-05, -5.186780562795611e-05, -5.699691440687905e-05, -6.118838733793012e-05, -6.389518899975812e-05, -6.615592428084257e-05, -6.772399284483686e-05, -6.87829635128934e-05, -6.981751755319927e-05, -6.87829635128934e-05, -6.772399284483686e-05, -6.615592428084257e-05, -6.389518899975812e-05, -6.118838733793012e-05, -5.699691440687905e-05, -5.186780562795611e-05, -4.813945575293117e-05]",1.4872571429697415e-05,"[-1.425556912073548e-05, -1.5383974027179996e-05, -1.1626830393039619e-05, -1.0148104918054242e-05, -8.88090485748059e-06, -7.179638085568254e-06, -2.795441660121082e-06, -2.204878756807829e-06, -1.7067674938855728e-06, 2.204878756807829e-06, 2.795441660121082e-06, 7.179638085568254e-06, 8.88090485748059e-06, 1.0148104918054242e-05, 1.1626830393039619e-05, 1.5383974027179996e-05, 1.425556912073548e-05]",1.7237629847856767e-05,"[2.4606469818772998e-05, 2.485441481148105e-05, 2.517717298492758e-05, 2.6292739798890014e-05, 2.6321430530970535e-05, 2.645693731844681e-05, 2.624650678938809e-05, 2.6166627214157158e-05, 2.6816743112197813e-05, 2.6166627214157158e-05, 2.624650678938809e-05, 2.645693731844681e-05, 2.6321430530970535e-05, 2.6292739798890014e-05, 2.517717298492758e-05, 2.485441481148105e-05, 2.4606469818772998e-05]",1.4209554308534608e-06,"[1.6654946098573246e-06, 2.0714828113113604e-06, 9.76184749293197e-07, -3.5996452095651893e-07, -4.906869750623387e-07, -4.369113820325025e-07, -8.745967825098546e-07, -5.66331989729329e-07, 1.8793808861628717e-07, 5.66331989729329e-07, 8.745967825098546e-07, 4.369113820325025e-07, 4.906869750623387e-07, 3.5996452095651893e-07, -9.76184749293197e-07, -2.0714828113113604e-06, -1.6654946098573246e-06]",1.968794978492784e-06
0.018917854840649038,0.015574123698099157,0.025682947858107597,0.03296048747545788,0.03645770954429084,0.07268462840405554,0.07460313863098317,0.0187213257100038,0.03583066698439422,0.023648493664175804,-0.08686662799104083,0.17755110822571474,1.4530654714735063,5.349591111867656,0.4697503599907613,3,9347.157835478147,10.430335302211004,17292.241995634573,423333,"[-6.999500824307575e-05, -6.846572684144768e-05, -7.145429552280392e-05, -6.86654758680319e-05, -7.916941561120664e-05, -7.938871072236832e-05, -8.322811088616208e-05, -8.660715660555599e-05, -8.926103425912462e-05, -8.660715660555599e-05, -8.322811088616208e-05, -7.938871072236832e-05, -7.916941561120664e-05, -6.86654758680319e-05, -7.145429552280392e-05, -6.846572684144768e-05, -6.999500824307575e-05]",9.793849403263631e-06,"[-8.57807545077025e-05, -8.087906145352067e-05, -4.3944154825940695e-05, -2.2788950409337967e-05, -1.4426744421064997e-05, -4.7894053621656034e-06, 7.198097221637209e-06, 7.100458635616622e-07, 1.73375019537832e-08, -7.100458635616622e-07, -7.198097221637209e-06, 4.7894053621656034e-06, 1.4426744421064997e-05, 2.2788950409337967e-05, 4.3944154825940695e-05, 8.087906145352067e-05, 8.57807545077025e-05]",2.1449557805382092e-05,"[-5.825842298589482e-05, -6.379454978323109e-05, -7.744392952143767e-05, -7.827017709289602e-05, -8.35538759980331e-05, -8.398181269461434e-05, -8.49200602546144e-05, -8.611169249580372e-05, -8.755797572087755e-05, -8.611169249580372e-05, -8.49200602546144e-05, -8.398181269461434e-05, -8.35538759980331e-05, -7.827017709289602e-05, -7.744392952143767e-05, -6.379454978323109e-05, -5.825842298589482e-05]",2.1738106427767343e-05,"[-2.8199593240546492e-05, -2.640550832795209e-05, -1.4234046797581121e-05, -6.986608238506474e-06, -4.276535943771862e-06, -1.2659973913035762e-06, 2.8314354430151674e-06, 7.458924802408508e-07, 2.369284311450825e-07, -7.458924802408508e-07, -2.8314354430151674e-06, 1.2659973913035762e-06, 4.276535943771862e-06, 6.986608238506474e-06, 1.4234046797581121e-05, 2.640550832795209e-05, 2.8199593240546492e-05]",3.169414114922154e-05,"[2.7488769471712342e-05, 2.665094486279091e-05, 2.6931326433107314e-05, 2.6348423231201983e-05, 2.9734824280374158e-05, 3.010633069506163e-05, 3.1385183433981e-05, 3.259951457297333e-05, 3.327069870741407e-05, 3.259951457297333e-05, 3.1385183433981e-05, 3.010633069506163e-05, 2.9734824280374158e-05, 2.6348423231201983e-05, 2.6931326433107314e-05, 2.665094486279091e-05, 2.7488769471712342e-05]",2.9150034088387067e-06,"[2.8751808763568496e-06, 8.260137483396531e-07, -3.9740122515653465e-07, -1.957081690635897e-06, -9.251653123444552e-07, 1.1801395271192844e-07, -2.1678670921641187e-06, -2.7181852064667787e-06, -5.19891064242426e-07, 2.7181852064667787e-06, 2.1678670921641187e-06, -1.1801395271192844e-07, 9.251653123444552e-07, 1.957081690635897e-06, 3.9740122515653465e-07, -8.260137483396531e-07, -2.8751808763568496e-06]",3.3918878011237496e-06
0.027817399367943446,0.011455005374651921,0.030022062281778557,0.03782315819394084,0.020473643412409006,0.06823357954618854,0.038031523394226434,0.02799993713755347,0.037779345052637206,0.01415126558091261,0.4239069661001732,0.1900836140778719,0.7307032953843571,34.62033998045628,0.616464923385878,3,9326.259420165694,8.225548696341749,17253.579927306535,404733,"[-7.801785157253988e-05, -7.78508887570644e-05, -8.07958778329215e-05, -8.063675685624008e-05, -8.453154824760052e-05, -8.553344834816107e-05, -8.270213642243625e-05, -7.903882495374613e-05, -7.532992971633519e-05, -7.903882495374613e-05, -8.270213642243625e-05, -8.553344834816107e-05, -8.453154824760052e-05, -8.063675685624008e-05, -8.07958778329215e-05, -7.78508887570644e-05, -7.801785157253988e-05]",4.060046128268374e-06,"[-5.708742990451009e-05, -5.3410832234975065e-05, -3.509928122427706e-05, -3.570538308363639e-05, -3.479620451770159e-05, -1.939614265566769e-05, -1.056282046755684e-05, -6.803076001924056e-06, -4.887673298584822e-06, 6.803076001924056e-06, 1.056282046755684e-05, 1.939614265566769e-05, 3.479620451770159e-05, 3.570538308363639e-05, 3.509928122427706e-05, 5.3410832234975065e-05, 5.708742990451009e-05]",4.065081448991299e-06,"[-5.455409603150668e-05, -5.949596336070358e-05, -6.555783518001141e-05, -6.997647685751015e-05, -7.406407369222398e-05, -7.594519939514965e-05, -7.642460231466985e-05, -7.750288553652368e-05, -7.818969273827533e-05, -7.750288553652368e-05, -7.642460231466985e-05, -7.594519939514965e-05, -7.406407369222398e-05, -6.997647685751015e-05, -6.555783518001141e-05, -5.949596336070358e-05, -5.455409603150668e-05]",1.7169944295348703e-05,"[-1.8609804569279717e-05, -1.730658235128229e-05, -1.1263040764247933e-05, -1.1465218508100192e-05, -1.1198084449005475e-05, -5.983419539604196e-06, -3.0321299091712897e-06, -1.9008057978882547e-06, -1.403837228096713e-06, 1.9008057978882547e-06, 3.0321299091712897e-06, 5.983419539604196e-06, 1.1198084449005475e-05, 1.1465218508100192e-05, 1.1263040764247933e-05, 1.730658235128229e-05, 1.8609804569279717e-05]",2.1684303039411193e-05,"[3.193198784427595e-05, 3.167506852567611e-05, 3.2495383339555865e-05, 3.22892306801997e-05, 3.346453634699594e-05, 3.362668456214856e-05, 3.265221597441788e-05, 3.12954447029561e-05, 2.9819698210847585e-05, 3.12954447029561e-05, 3.265221597441788e-05, 3.362668456214856e-05, 3.346453634699594e-05, 3.22892306801997e-05, 3.2495383339555865e-05, 3.167506852567611e-05, 3.193198784427595e-05]",1.0224851974134257e-06,"[8.527000106785738e-07, 1.7787659356083768e-08, 7.730500948910031e-08, 6.18333933377575e-07, 9.114490327485116e-07, -1.8529823841572495e-06, -2.828921545246394e-06, -1.7172046456786463e-06, 5.431576065450266e-08, 1.7172046456786463e-06, 2.828921545246394e-06, 1.8529823841572495e-06, -9.114490327485116e-07, -6.18333933377575e-07, -7.730500948910031e-08, -1.7787659356083768e-08, -8.527000106785738e-07]",1.625787981160228e-06
